cache_entry_id,language,api_name,category,deepseek_refs,qwen_refs,deepseek_permissions,qwen_permissions
Python::.robot_operator.RobotOperator,Python,.robot_operator.RobotOperator,System Command Execution,2,3,System Command Execution,System Command Execution
Python::.utils.endpoint_registry.get_registry().get_all_endpoints,Python,.utils.endpoint_registry.get_registry().get_all_endpoints,File System Operations,6,2,File System Operations,File System Operations
Python::AGENT_SCRIPTS_MANAGER.get_script,Python,AGENT_SCRIPTS_MANAGER.get_script,System Command Execution,1,1,System Command Execution,System Command Execution
Python::AWSRequest,Python,AWSRequest,Cloud Infrastructure Management,1,3,Cloud Infrastructure Management,Cloud Infrastructure Management
Python::Amazon,Python,Amazon,Cloud Infrastructure Management,4,1,Cloud Infrastructure Management,Cloud Infrastructure Management
Python::ApiManagementClient,Python,ApiManagementClient,Cloud Infrastructure Management,4,3,Cloud Infrastructure Management,Cloud Infrastructure Management
Python::Article,Python,Article,System Command Execution,1,1,System Command Execution,System Command Execution
Python::AsyncWindow,Python,AsyncWindow,System Command Execution,1,2,System Command Execution,System Command Execution
Python::BedrockEmbeddings,Python,BedrockEmbeddings,AI and Machine Learning Services,1,2,AI and Machine Learning Services,AI and Machine Learning Services
Python::BrowserSession,Python,BrowserSession,Browser Automation and Web Interaction,1,1,Browser Automation and Web Interaction,Browser Automation and Web Interaction
Python::ChatGoogle,Python,ChatGoogle,AI and Machine Learning Services,2,1,AI and Machine Learning Services,AI and Machine Learning Services
Python::CoreV1Api,Python,CoreV1Api,Cloud Infrastructure Management,8,1,Cloud Infrastructure Management,Cloud Infrastructure Management
Python::CreateDocumentAnalyzeTaskRequestDocument,Python,CreateDocumentAnalyzeTaskRequestDocument,Specialized Domain Data Services,3,1,Specialized Domain Data Services,Specialized Domain Data Services
Python::DBService.execute_sql,Python,DBService.execute_sql,Database Management,1,1,Database Management,Database Management
Python::DaisysAPI,Python,DaisysAPI,File System Operations,1,1,File System Operations,File System Operations
Python::Database,Python,Database,Database Management,1,1,Database Management,Database Management
Python::DefaultResolver,Python,DefaultResolver,System Command Execution,1,2,System Command Execution,System Command Execution
Python::DescribeWorkspace,Python,DescribeWorkspace,Cloud Infrastructure Management,1,3,Cloud Infrastructure Management,Cloud Infrastructure Management
Python::DorisMonitoringTools.get_memory_stats,Python,DorisMonitoringTools.get_memory_stats,System Command Execution,1,1,System Command Execution,System Command Execution
Python::FastMCP.run_command,Python,FastMCP.run_command,System Command Execution,1,2,System Command Execution,System Command Execution
Python::FastMCP.send_command,Python,FastMCP.send_command,System Command Execution,6,7,System Command Execution,System Command Execution
Python::Foundation.NSImage.initWithContentsOfFile_,Python,Foundation.NSImage.initWithContentsOfFile_,File System Operations,1,1,File System Operations,File System Operations
Python::GeoRoutesClient,Python,GeoRoutesClient,Cloud Infrastructure Management,2,2,Cloud Infrastructure Management,Cloud Infrastructure Management
Python::GetProfiles,Python,GetProfiles,Cloud Infrastructure Management,4,1,Cloud Infrastructure Management,Cloud Infrastructure Management
Python::GetSystemMetrics,Python,GetSystemMetrics,System Command Execution,2,2,System Command Execution,System Command Execution
Python::GetWindowText,Python,GetWindowText,System Command Execution,1,2,System Command Execution,System Command Execution
Python::GitHub API,Python,GitHub API,Project Management Services,2,3,Specialized Domain Data Services,Project Management Services
Python::IRISReference,Python,IRISReference,Database Management,1,2,Database Management,Database Management
Python::KachakaMCPContext,Python,KachakaMCPContext,Database Management,1,8,Database Management,Database Management
Python::KikSearchRequest,Python,KikSearchRequest,Browser Automation and Web Interaction,1,1,Browser Automation and Web Interaction,Browser Automation and Web Interaction
Python::MathcadPy.Worksheet.get_real_output,Python,MathcadPy.Worksheet.get_real_output,System Command Execution,1,2,System Command Execution,System Command Execution
Python::MediaIoBaseDownload,Python,MediaIoBaseDownload,File System Operations,2,2,File System Operations,File System Operations
Python::MetadataDbClient,Python,MetadataDbClient,Database Management,1,1,Database Management,Database Management
Python::Notify,Python,Notify,File System Operations,1,1,File System Operations,File System Operations
Python::ONVIFCamera,Python,ONVIFCamera,Cloud Infrastructure Management,4,1,Cloud Infrastructure Management,Cloud Infrastructure Management
Python::Options,Python,Options,Browser Automation and Web Interaction,1,2,Browser Automation and Web Interaction,Browser Automation and Web Interaction
Python::ParadexApiClient.init_account,Python,ParadexApiClient.init_account,Specialized Domain Data Services,16,4,Specialized Domain Data Services,Specialized Domain Data Services
Python::PlexServer,Python,PlexServer,Cloud Infrastructure Management,5,13,Cloud Infrastructure Management,Cloud Infrastructure Management
Python::Plotter,Python,Plotter,File System Operations,1,1,File System Operations,File System Operations
Python::PromptGuard,Python,PromptGuard,AI and Machine Learning Services,9,25,AI and Machine Learning Services,AI and Machine Learning Services
Python::RaspberryPiAdapter.connect,Python,RaspberryPiAdapter.connect,System Command Execution,1,1,System Command Execution,System Command Execution
Python::RedshiftTable,Python,RedshiftTable,Database Management,1,1,Database Management,Database Management
Python::Repo,Python,Repo,File System Operations,7,3,File System Operations,File System Operations
Python::Repo.clone_from,Python,Repo.clone_from,Specialized Domain Data Services,5,2,Specialized Domain Data Services,Specialized Domain Data Services
Python::Runtime.evaluate,Python,Runtime.evaluate,Browser Automation and Web Interaction,1,2,Browser Automation and Web Interaction,Browser Automation and Web Interaction
Python::SafeSqlDriver.execute_param_query,Python,SafeSqlDriver.execute_param_query,Cloud Infrastructure Management,1,3,Database Management,Cloud Infrastructure Management
Python::Service,Python,Service,Browser Automation and Web Interaction,1,1,Browser Automation and Web Interaction,Browser Automation and Web Interaction
Python::Sherlock,Python,Sherlock,System Command Execution,9,9,System Command Execution,System Command Execution
Python::SqlDriver.execute_query,Python,SqlDriver.execute_query,Project Management Services,1,1,Database Management,Project Management Services
Python::StudentDatabaseModule.db.execute_query,Python,StudentDatabaseModule.db.execute_query,Database Management,1,1,Database Management,Database Management
Python::URBasic.robotConnector.RTDE.isRunning,Python,URBasic.robotConnector.RTDE.isRunning,System Command Execution,1,4,System Command Execution,System Command Execution
Python::URBasic.ur_get_robot_model,Python,URBasic.ur_get_robot_model,System Command Execution,1,1,System Command Execution,System Command Execution
Python::Vmm,Python,Vmm,System Command Execution,5,5,System Command Execution,System Command Execution
Python::ZipFile,Python,ZipFile,File System Operations,1,1,File System Operations,File System Operations
Python::_Registry,Python,_Registry,System Command Execution,1,1,System Command Execution,System Command Execution
Python::_disconnect,Python,_disconnect,System Command Execution,4,5,System Command Execution,System Command Execution
Python::_ensure_playwright_ready,Python,_ensure_playwright_ready,Browser Automation and Web Interaction,2,2,Browser Automation and Web Interaction,Browser Automation and Web Interaction
Python::_execute_statement,Python,_execute_statement,Database Management,4,5,Database Management,Database Management
Python::_handle_update_record_tool,Python,_handle_update_record_tool,System Command Execution,1,1,System Command Execution,System Command Execution
Python::_openrouter_chat,Python,_openrouter_chat,Database Management,1,1,Database Management,Database Management
Python::_qgis_connection.disconnect,Python,_qgis_connection.disconnect,System Command Execution,9,13,System Command Execution,System Command Execution
Python::_run_command,Python,_run_command,System Command Execution,7,5,System Command Execution,System Command Execution
Python::ableton.send_command,Python,ableton.send_command,System Command Execution,2,2,System Command Execution,System Command Execution
Python::account.users(),Python,account.users(),Cloud Infrastructure Management,1,4,Cloud Infrastructure Management,Cloud Infrastructure Management
Python::acreate,Python,acreate,Database Management,1,1,Database Management,Database Management
Python::add_argument,Python,add_argument,System Command Execution,2,2,System Command Execution,System Command Execution
Python::add_or_update_email,Python,add_or_update_email,Database Management,1,1,Database Management,Database Management
Python::agent.run,Python,agent.run,Browser Automation and Web Interaction,1,1,Browser Automation and Web Interaction,Browser Automation and Web Interaction
Python::ainvoke,Python,ainvoke,Specialized Domain Data Services,2,1,Specialized Domain Data Services,Specialized Domain Data Services
Python::aiohttp.ClientSession,Python,aiohttp.ClientSession,Specialized Domain Data Services,2,1,Specialized Domain Data Services,Specialized Domain Data Services
Python::alpaca.trading.client.TradingClient,Python,alpaca.trading.client.TradingClient,Financial and Blockchain Services,32,2,Financial Trading Services,Financial and Blockchain Services
Python::alphaess.alphaess.close,Python,alphaess.alphaess.close,Project Management Services,2,1,Project Management Services,Project Management Services
Python::amazon.client.Amazon.buy_now,Python,amazon.client.Amazon.buy_now,Financial and Blockchain Services,1,1,Financial and Blockchain Services,Financial and Blockchain Services
Python::amazon.client.Amazon.buy_now_with_x402,Python,amazon.client.Amazon.buy_now_with_x402,Financial and Blockchain Services,1,1,Financial and Blockchain Services,Financial and Blockchain Services
Python::amp,Python,amp,Cloud Infrastructure Management,1,3,Cloud Infrastructure Management,Cloud Infrastructure Management
Python::analyze_position,Python,analyze_position,System Command Execution,1,1,System Command Execution,System Command Execution
Python::anyio.to_thread.run_sync,Python,anyio.to_thread.run_sync,System Command Execution,1,1,System Command Execution,System Command Execution
Python::app.adapters.raspberrypi_adapter.RaspberryPiAdapter,Python,app.adapters.raspberrypi_adapter.RaspberryPiAdapter,System Command Execution,1,1,System Command Execution,System Command Execution
Python::app.adapters.raspberrypi_adapter.RaspberryPiAdapter.execute_command,Python,app.adapters.raspberrypi_adapter.RaspberryPiAdapter.execute_command,System Command Execution,1,1,System Command Execution,System Command Execution
Python::app.shared.utils.http_client.get,Python,app.shared.utils.http_client.get,Specialized Domain Data Services,2,1,Specialized Domain Data Services,Specialized Domain Data Services
Python::app.shared.utils.http_client.post,Python,app.shared.utils.http_client.post,Specialized Domain Data Services,2,1,Specialized Domain Data Services,Specialized Domain Data Services
Python::app.shared.utils.tool_helper_service.execute_get_request,Python,app.shared.utils.tool_helper_service.execute_get_request,Specialized Domain Data Services,1,1,Specialized Domain Data Services,Specialized Domain Data Services
Python::app.tools.raspberrypi_tool.RaspberryPiTool,Python,app.tools.raspberrypi_tool.RaspberryPiTool,System Command Execution,1,1,System Command Execution,System Command Execution
Python::applescript.run,Python,applescript.run,Browser Automation and Web Interaction,3,3,Browser Automation and Web Interaction,Browser Automation and Web Interaction
Python::asyncio.create_subprocess_exec,Python,asyncio.create_subprocess_exec,System Command Execution,25,28,System Command Execution,System Command Execution
Python::asyncio.create_subprocess_shell,Python,asyncio.create_subprocess_shell,System Command Execution,10,6,System Command Execution,System Command Execution
Python::asyncio.subprocess.Process.communicate,Python,asyncio.subprocess.Process.communicate,System Command Execution,4,5,System Command Execution,System Command Execution
Python::attributes,Python,attributes,System Command Execution,5,6,System Command Execution,System Command Execution
Python::auto_fix_issue,Python,auto_fix_issue,System Command Execution,1,1,System Command Execution,System Command Execution
Python::awslabs.amazon_neptune_mcp_server.graph_store.<unknown>,Python,awslabs.amazon_neptune_mcp_server.graph_store.<unknown>,Cloud Infrastructure Management,2,1,Cloud Infrastructure Management,Cloud Infrastructure Management
Python::awslabs.aws_bedrock_data_automation_mcp_server.helpers.invoke_data_automation_and_get_results,Python,awslabs.aws_bedrock_data_automation_mcp_server.helpers.invoke_data_automation_and_get_results,Cloud Infrastructure Management,1,1,Cloud Infrastructure Management,Cloud Infrastructure Management
Python::awslabs.aws_diagram_mcp_server.scanner.scan_python_code,Python,awslabs.aws_diagram_mcp_server.scanner.scan_python_code,System Command Execution,2,2,System Command Execution,System Command Execution
Python::awslabs.ccapi_mcp_server.aws_client.get_aws_client,Python,awslabs.ccapi_mcp_server.aws_client.get_aws_client,Cloud Infrastructure Management,1,1,Cloud Infrastructure Management,Cloud Infrastructure Management
Python::awslabs.ccapi_mcp_server.impl.tools.explanation.explain_impl,Python,awslabs.ccapi_mcp_server.impl.tools.explanation.explain_impl,Cloud Infrastructure Management,2,1,Cloud Infrastructure Management,Cloud Infrastructure Management
Python::awslabs.ccapi_mcp_server.models.models.ExplainRequest,Python,awslabs.ccapi_mcp_server.models.models.ExplainRequest,Cloud Infrastructure Management,2,1,Cloud Infrastructure Management,Cloud Infrastructure Management
Python::awslabs.code_doc_gen_mcp_server.utils.doc_generator.create_documentation_context,Python,awslabs.code_doc_gen_mcp_server.utils.doc_generator.create_documentation_context,System Command Execution,1,1,System Command Execution,System Command Execution
Python::awslabs.code_doc_gen_mcp_server.utils.repomix_manager.RepomixManager,Python,awslabs.code_doc_gen_mcp_server.utils.repomix_manager.RepomixManager,System Command Execution,2,2,System Command Execution,System Command Execution
Python::awslabs.git_repo_research_mcp_server.embeddings.get_embedding_model,Python,awslabs.git_repo_research_mcp_server.embeddings.get_embedding_model,AI and Machine Learning Services,1,4,AI and Machine Learning Services,AI and Machine Learning Services
Python::awslabs.git_repo_research_mcp_server.indexer.RepositorySearcher,Python,awslabs.git_repo_research_mcp_server.indexer.RepositorySearcher,Database Management,2,2,Database Management,Database Management
Python::awslabs.git_repo_research_mcp_server.indexer.get_repository_indexer,Python,awslabs.git_repo_research_mcp_server.indexer.get_repository_indexer,Project Management Services,1,2,Project Management Services,Project Management Services
Python::awslabs.git_repo_research_mcp_server.indexer.index_repository,Python,awslabs.git_repo_research_mcp_server.indexer.index_repository,File System Operations,1,2,File System Operations,File System Operations
Python::awslabs.git_repo_research_mcp_server.indexer.similarity_search,Python,awslabs.git_repo_research_mcp_server.indexer.similarity_search,Database Management,1,1,Database Management,Database Management
Python::awslabs.git_repo_research_mcp_server.indexer.similarity_search_with_score,Python,awslabs.git_repo_research_mcp_server.indexer.similarity_search_with_score,Database Management,2,2,Database Management,Database Management
Python::awslabs.git_repo_research_mcp_server.repository.RepositoryIndexer,Python,awslabs.git_repo_research_mcp_server.repository.RepositoryIndexer,Database Management,2,4,Database Management,Database Management
Python::awslabs.git_repo_research_mcp_server.repository.repo_processor.get_commit_id,Python,awslabs.git_repo_research_mcp_server.repository.repo_processor.get_commit_id,Project Management Services,1,1,Project Management Services,Project Management Services
Python::awslabs.prometheus_mcp_server.configure_workspace_for_request,Python,awslabs.prometheus_mcp_server.configure_workspace_for_request,Cloud Infrastructure Management,1,3,Cloud Infrastructure Management,Cloud Infrastructure Management
Python::awslabs.prometheus_mcp_server.consts.get_prometheus_client,Python,awslabs.prometheus_mcp_server.consts.get_prometheus_client,Cloud Infrastructure Management,1,3,Cloud Infrastructure Management,Cloud Infrastructure Management
Python::awslabs.redshift_mcp_server.models.RedshiftSchema,Python,awslabs.redshift_mcp_server.models.RedshiftSchema,Database Management,1,1,Database Management,Database Management
Python::awslabs.redshift_mcp_server.redshift.discover_columns,Python,awslabs.redshift_mcp_server.redshift.discover_columns,Database Management,1,1,Database Management,Database Management
Python::awslabs.redshift_mcp_server.redshift.discover_databases,Python,awslabs.redshift_mcp_server.redshift.discover_databases,Database Management,1,1,Database Management,Database Management
Python::awslabs.redshift_mcp_server.redshift.discover_schemas,Python,awslabs.redshift_mcp_server.redshift.discover_schemas,Database Management,1,1,Database Management,Database Management
Python::awslabs.redshift_mcp_server.session_manager.session,Python,awslabs.redshift_mcp_server.session_manager.session,Database Management,4,5,Database Management,Database Management
Python::azure.ai.projects.AIProjectClient.agents.create_agent,Python,azure.ai.projects.AIProjectClient.agents.create_agent,Specialized Domain Data Services,1,1,Specialized Domain Data Services,Specialized Domain Data Services
Python::azure.ai.projects.models.AzureAISearchTool,Python,azure.ai.projects.models.AzureAISearchTool,Specialized Domain Data Services,1,1,Specialized Domain Data Services,Specialized Domain Data Services
Python::azure.ai.projects.models.BingGroundingTool,Python,azure.ai.projects.models.BingGroundingTool,Cloud Infrastructure Management,1,2,AI and Machine Learning Services,Cloud Infrastructure Management
Python::azure.ai.projects.models.MessageRole,Python,azure.ai.projects.models.MessageRole,Cloud Infrastructure Management,1,1,AI and Machine Learning Services,Cloud Infrastructure Management
Python::azure.mgmt.apimanagement.ApiManagementClient.authorization.get,Python,azure.mgmt.apimanagement.ApiManagementClient.authorization.get,Cloud Infrastructure Management,3,2,Identity and Access Management,Cloud Infrastructure Management
Python::azure.mgmt.apimanagement.ApiManagementClient.authorization_access_policy.create_or_update,Python,azure.mgmt.apimanagement.ApiManagementClient.authorization_access_policy.create_or_update,Cloud Infrastructure Management,4,3,Cloud Infrastructure Management,Cloud Infrastructure Management
Python::azure.mgmt.apimanagement.ApiManagementClient.authorization_provider.get,Python,azure.mgmt.apimanagement.ApiManagementClient.authorization_provider.get,Cloud Infrastructure Management,4,3,Identity and Access Management,Cloud Infrastructure Management
Python::azure.mgmt.apimanagement.models.AuthorizationAccessPolicyContract,Python,azure.mgmt.apimanagement.models.AuthorizationAccessPolicyContract,Cloud Infrastructure Management,4,3,Cloud Infrastructure Management,Cloud Infrastructure Management
Python::begin,Python,begin,Financial and Blockchain Services,1,1,Financial and Blockchain Services,Financial and Blockchain Services
Python::bioos.webinstanceapp,Python,bioos.webinstanceapp,Cloud Infrastructure Management,1,1,Cloud Infrastructure Management,Cloud Infrastructure Management
Python::blender.send_command,Python,blender.send_command,System Command Execution,26,28,System Command Execution,System Command Execution
Python::boto3.Session,Python,boto3.Session,Cloud Infrastructure Management,7,8,Cloud Infrastructure Management,Cloud Infrastructure Management
Python::boto3.Session.client,Python,boto3.Session.client,Cloud Infrastructure Management,3,4,Cloud Infrastructure Management,Cloud Infrastructure Management
Python::boto3.client,Python,boto3.client,Cloud Infrastructure Management,9,8,Cloud Infrastructure Management,Cloud Infrastructure Management
Python::boto3.client.get_data_automation_status,Python,boto3.client.get_data_automation_status,Cloud Infrastructure Management,1,1,Cloud Infrastructure Management,Cloud Infrastructure Management
Python::boto3.client.invoke_data_automation_async,Python,boto3.client.invoke_data_automation_async,Cloud Infrastructure Management,1,1,Cloud Infrastructure Management,Cloud Infrastructure Management
Python::boto3.client.search_text,Python,boto3.client.search_text,Cloud Infrastructure Management,1,1,Cloud Infrastructure Management,Cloud Infrastructure Management
Python::boto3.download_from_s3,Python,boto3.download_from_s3,Cloud Infrastructure Management,1,1,Cloud Infrastructure Management,Cloud Infrastructure Management
Python::boto3.get_account_id,Python,boto3.get_account_id,Cloud Infrastructure Management,1,1,Cloud Infrastructure Management,Cloud Infrastructure Management
Python::boto3.get_profile_arn,Python,boto3.get_profile_arn,Cloud Infrastructure Management,1,1,Cloud Infrastructure Management,Cloud Infrastructure Management
Python::boto3.s3.upload_file,Python,boto3.s3.upload_file,Cloud Infrastructure Management,2,2,Cloud Infrastructure Management,Cloud Infrastructure Management
Python::boto3.upload_to_s3,Python,boto3.upload_to_s3,Cloud Infrastructure Management,1,1,Cloud Infrastructure Management,Cloud Infrastructure Management
Python::botocore.config.Config,Python,botocore.config.Config,Cloud Infrastructure Management,11,10,Cloud Infrastructure Management,Cloud Infrastructure Management
Python::browser_use.Agent,Python,browser_use.Agent,Browser Automation and Web Interaction,3,5,Browser Automation and Web Interaction,Browser Automation and Web Interaction
Python::browser_use.Agent.run,Python,browser_use.Agent.run,Browser Automation and Web Interaction,2,4,Browser Automation and Web Interaction,Browser Automation and Web Interaction
Python::browser_use.Browser.close,Python,browser_use.Browser.close,Browser Automation and Web Interaction,2,4,Browser Automation and Web Interaction,Browser Automation and Web Interaction
Python::builtins.eval,Python,builtins.eval,System Command Execution,23,23,System Command Execution,System Command Execution
Python::builtins.exec,Python,builtins.exec,System Command Execution,4,4,System Command Execution,System Command Execution
Python::builtins.open,Python,builtins.open,File System Operations,4,203,File System Operations,File System Operations
Python::bulk_operations_wizard.BulkOperationsWizard.start_wizard,Python,bulk_operations_wizard.BulkOperationsWizard.start_wizard,System Command Execution,4,3,System Command Execution,System Command Execution
Python::business_request.database.DatabaseConnection.execute_query,Python,business_request.database.DatabaseConnection.execute_query,Database Management,3,2,Database Management,Database Management
Python::c4d_connection_context,Python,c4d_connection_context,System Command Execution,9,18,System Command Execution,System Command Execution
Python::check_syntax,Python,check_syntax,System Command Execution,1,1,System Command Execution,System Command Execution
Python::checkout,Python,checkout,System Command Execution,14,12,System Command Execution,System Command Execution
Python::child_window,Python,child_window,System Command Execution,1,1,System Command Execution,System Command Execution
Python::chromadb.Collection.add,Python,chromadb.Collection.add,Database Management,3,1,Database Management,Database Management
Python::chromadb.Collection.get,Python,chromadb.Collection.get,Database Management,3,1,Database Management,Database Management
Python::chromadb.api.collection.Collection.count,Python,chromadb.api.collection.Collection.count,Database Management,3,1,Database Management,Database Management
Python::classMethodBoolean,Python,classMethodBoolean,Database Management,1,1,Database Management,Database Management
Python::cleanup_repository,Python,cleanup_repository,File System Operations,1,1,File System Operations,File System Operations
Python::click_input,Python,click_input,System Command Execution,1,1,System Command Execution,System Command Execution
Python::clickhouse_connect,Python,clickhouse_connect,Database Management,2,2,Database Management,Database Management
Python::clickhouse_connect.client.command,Python,clickhouse_connect.client.command,Specialized Domain Data Services,1,1,Specialized Domain Data Services,Specialized Domain Data Services
Python::clickhouse_connect.driver.client.command,Python,clickhouse_connect.driver.client.command,Database Management,1,1,Database Management,Database Management
Python::clickhouse_connect.get_client,Python,clickhouse_connect.get_client,Database Management,2,2,Database Management,Database Management
Python::client.download_batch_results,Python,client.download_batch_results,Specialized Domain Data Services,1,1,Specialized Domain Data Services,Specialized Domain Data Services
Python::client.modules.exploits,Python,client.modules.exploits,System Command Execution,1,1,System Command Execution,System Command Execution
Python::client.query,Python,client.query,Specialized Domain Data Services,2,2,Database Management,Database Management
Python::clone_from,Python,clone_from,File System Operations,7,3,File System Operations,File System Operations
Python::close_connection,Python,close_connection,Specialized Domain Data Services,6,9,Specialized Domain Data Services,Specialized Domain Data Services
Python::close_connections,Python,close_connections,Cloud Infrastructure Management,11,17,Cloud Infrastructure Management,Cloud Infrastructure Management
Python::cmd.ray,Python,cmd.ray,System Command Execution,1,1,System Command Execution,System Command Execution
Python::cmd.viewport,Python,cmd.viewport,System Command Execution,1,1,System Command Execution,System Command Execution
Python::config.detect_xlm_macros,Python,config.detect_xlm_macros,System Command Execution,1,1,System Command Execution,System Command Execution
Python::config.load_ssh_config,Python,config.load_ssh_config,System Command Execution,2,1,System Command Execution,System Command Execution
Python::conn.close,Python,conn.close,System Command Execution,9,19,Database Management,System Command Execution
Python::conn.rollback,Python,conn.rollback,Database Management,1,1,Database Management,Database Management
Python::convert,Python,convert,System Command Execution,5,4,System Command Execution,System Command Execution
Python::crawl4ai.arun,Python,crawl4ai.arun,File System Operations,1,1,File System Operations,File System Operations
Python::create_and_process_run,Python,create_and_process_run,AI and Machine Learning Services,3,4,AI and Machine Learning Services,AI and Machine Learning Services
Python::create_connection,Python,create_connection,System Command Execution,1,1,System Command Execution,System Command Execution
Python::create_memory,Python,create_memory,System Command Execution,5,6,System Command Execution,System Command Execution
Python::create_message,Python,create_message,AI and Machine Learning Services,3,4,AI and Machine Learning Services,AI and Machine Learning Services
Python::create_pool,Python,create_pool,Database Management,3,2,Database Management,Database Management
Python::create_ptz_service,Python,create_ptz_service,Cloud Infrastructure Management,4,1,Cloud Infrastructure Management,Cloud Infrastructure Management
Python::create_session,Python,create_session,Browser Automation and Web Interaction,1,1,Browser Automation and Web Interaction,Browser Automation and Web Interaction
Python::create_thread,Python,create_thread,AI and Machine Learning Services,3,4,AI and Machine Learning Services,AI and Machine Learning Services
Python::cursor.execute,Python,cursor.execute,Database Management,8,5,Database Management,Database Management
Python::cursor.fetchall,Python,cursor.fetchall,Database Management,6,3,Database Management,Database Management
Python::cursor.fetchone,Python,cursor.fetchone,Database Management,3,2,Database Management,Database Management
Python::cv2.imread,Python,cv2.imread,File System Operations,1,1,File System Operations,File System Operations
Python::cv2.imwrite,Python,cv2.imwrite,File System Operations,4,4,File System Operations,File System Operations
Python::dataset.async_parse_documents,Python,dataset.async_parse_documents,Specialized Domain Data Services,1,1,Specialized Domain Data Services,Specialized Domain Data Services
Python::db.MCPDatabase.create,Python,db.MCPDatabase.create,System Command Execution,1,1,System Command Execution,System Command Execution
Python::db.MCPDatabase.search,Python,db.MCPDatabase.search,System Command Execution,1,1,System Command Execution,System Command Execution
Python::db_client.execute,Python,db_client.execute,Database Management,1,3,Database Management,Database Management
Python::describe_workspace,Python,describe_workspace,Cloud Infrastructure Management,1,3,Cloud Infrastructure Management,Cloud Infrastructure Management
Python::device.DeviceManager.connect,Python,device.DeviceManager.connect,System Command Execution,2,2,System Command Execution,System Command Execution
Python::device.DeviceManager.get_device,Python,device.DeviceManager.get_device,System Command Execution,25,40,System Command Execution,System Command Execution
Python::device.DeviceManager.get_device.get_package_version_name,Python,device.DeviceManager.get_device.get_package_version_name,System Command Execution,1,2,System Command Execution,System Command Execution
Python::device.DeviceManager.get_device.get_top_activities,Python,device.DeviceManager.get_device.get_top_activities,System Command Execution,1,1,System Command Execution,System Command Execution
Python::device.DeviceManager.get_device.wm_density,Python,device.DeviceManager.get_device.wm_density,System Command Execution,1,2,System Command Execution,System Command Execution
Python::dihedral,Python,dihedral,System Command Execution,1,1,System Command Execution,System Command Execution
Python::diskcache.Cache,Python,diskcache.Cache,Database Management,8,2,File System Operations,Database Management
Python::dispose,Python,dispose,Database Management,4,1,Database Management,Database Management
Python::download_from_s3,Python,download_from_s3,Cloud Infrastructure Management,1,1,Cloud Infrastructure Management,Cloud Infrastructure Management
Python::driver.get,Python,driver.get,Browser Automation and Web Interaction,1,2,Browser Automation and Web Interaction,Browser Automation and Web Interaction
Python::drop_rel,Python,drop_rel,Cloud Infrastructure Management,1,1,Cloud Infrastructure Management,Cloud Infrastructure Management
Python::dvr_script.GetCurrentTimeline,Python,dvr_script.GetCurrentTimeline,File System Operations,1,1,File System Operations,File System Operations
Python::ebook_mcp.tools.pdf_helper.extract_page_text,Python,ebook_mcp.tools.pdf_helper.extract_page_text,System Command Execution,1,1,System Command Execution,System Command Execution
Python::encrypt,Python,encrypt,File System Operations,1,1,File System Operations,File System Operations
Python::eprint,Python,eprint,System Command Execution,1,1,System Command Execution,System Command Execution
Python::eval,Python,eval,System Command Execution,12,12,System Command Execution,System Command Execution
Python::eval_code,Python,eval_code,System Command Execution,3,3,System Command Execution,System Command Execution
Python::evaluate,Python,evaluate,System Command Execution,1,1,Browser Automation and Web Interaction,System Command Execution
Python::exec_command,Python,exec_command,System Command Execution,2,1,System Command Execution,System Command Execution
Python::execute_audit_api,Python,execute_audit_api,Cloud Infrastructure Management,4,3,Cloud Infrastructure Management,Cloud Infrastructure Management
Python::execute_news_task,Python,execute_news_task,Project Management Services,1,1,Project Management Services,Project Management Services
Python::executor,Python,executor,Project Management Services,1,1,Project Management Services,Project Management Services
Python::expect_navigation,Python,expect_navigation,Browser Automation and Web Interaction,1,1,Browser Automation and Web Interaction,Browser Automation and Web Interaction
Python::explain_tool.explain_with_hypothetical_indexes,Python,explain_tool.explain_with_hypothetical_indexes,Database Management,1,1,Database Management,Database Management
Python::exponential_variate,Python,exponential_variate,System Command Execution,1,1,System Command Execution,System Command Execution
Python::export,Python,export,System Command Execution,3,4,Database Management; System Command Execution,Database Management; System Command Execution
Python::export_chat_invite_link,Python,export_chat_invite_link,Project Management Services,1,1,Project Management Services,Project Management Services
Python::export_html,Python,export_html,File System Operations,1,1,File System Operations,File System Operations
Python::export_tools.export_global_tool,Python,export_tools.export_global_tool,System Command Execution,1,1,System Command Execution,System Command Execution
Python::facets_mcp.utils.ftf_command_utils.run_ftf_command,Python,facets_mcp.utils.ftf_command_utils.run_ftf_command,System Command Execution,2,3,System Command Execution,System Command Execution
Python::fastmcp.Context,Python,fastmcp.Context,System Command Execution,7,6,System Command Execution,System Command Execution
Python::fastmcp.FastMCP.tools.values,Python,fastmcp.FastMCP.tools.values,System Command Execution,2,2,System Command Execution,System Command Execution
Python::fastmcp.add_event,Python,fastmcp.add_event,Database Management,1,1,Database Management,Database Management
Python::fastmcp.run_obdiag_command,Python,fastmcp.run_obdiag_command,System Command Execution,2,1,System Command Execution,System Command Execution
Python::feature_manager.execute_tool,Python,feature_manager.execute_tool,System Command Execution,1,1,System Command Execution,System Command Execution
Python::find_and_index_tools,Python,find_and_index_tools,System Command Execution,2,2,System Command Execution,System Command Execution
Python::find_process_by_port,Python,find_process_by_port,System Command Execution,2,2,System Command Execution,System Command Execution
Python::forcebuy,Python,forcebuy,System Command Execution,1,1,System Command Execution,System Command Execution
Python::from_client_config,Python,from_client_config,Specialized Domain Data Services,5,3,Specialized Domain Data Services,Specialized Domain Data Services
Python::frontmatter.dump,Python,frontmatter.dump,File System Operations,1,1,File System Operations,File System Operations
Python::fs.readFile,Python,fs.readFile,File System Operations,225,227,File System Operations,File System Operations
Python::futu.OpenSecTradeContext,Python,futu.OpenSecTradeContext,Financial and Blockchain Services,2,4,Financial and Blockchain Services,Financial and Blockchain Services
Python::generate_presigned_url,Python,generate_presigned_url,Cloud Infrastructure Management,2,2,Cloud Infrastructure Management,Cloud Infrastructure Management
Python::geo-routes,Python,geo-routes,Cloud Infrastructure Management,1,1,Cloud Infrastructure Management,Cloud Infrastructure Management
Python::getAllTitles,Python,getAllTitles,System Command Execution,1,1,System Command Execution,System Command Execution
Python::getWindowsWithTitle,Python,getWindowsWithTitle,System Command Execution,1,1,System Command Execution,System Command Execution
Python::getXAddrs,Python,getXAddrs,System Command Execution,1,1,System Command Execution,System Command Execution
Python::get_activity_segments,Python,get_activity_segments,System Command Execution,1,1,System Command Execution,System Command Execution
Python::get_best_move,Python,get_best_move,System Command Execution,1,2,System Command Execution,System Command Execution
Python::get_bucket_name,Python,get_bucket_name,Cloud Infrastructure Management,1,1,Cloud Infrastructure Management,Cloud Infrastructure Management
Python::get_call_graph,Python,get_call_graph,System Command Execution,1,2,System Command Execution,System Command Execution
Python::get_config.get_client_config,Python,get_config.get_client_config,Database Management,2,1,Database Management,Database Management
Python::get_connection.close,Python,get_connection.close,File System Operations,1,6,File System Operations,File System Operations
Python::get_connection.cursor,Python,get_connection.cursor,Database Management,4,1,Database Management,Database Management
Python::get_entry,Python,get_entry,System Command Execution,1,1,System Command Execution,System Command Execution
Python::get_exports,Python,get_exports,System Command Execution,2,2,System Command Execution,System Command Execution
Python::get_group_mfa_status,Python,get_group_mfa_status,System Command Execution,1,1,System Command Execution,System Command Execution
Python::get_http_client,Python,get_http_client,Specialized Domain Data Services,2,1,Specialized Domain Data Services,Specialized Domain Data Services
Python::get_image,Python,get_image,Cloud Infrastructure Management,2,1,Cloud Infrastructure Management,Cloud Infrastructure Management
Python::get_jailbreak_score,Python,get_jailbreak_score,AI and Machine Learning Services,9,25,AI and Machine Learning Services,AI and Machine Learning Services
Python::get_jupyter_notebook_websocket_url,Python,get_jupyter_notebook_websocket_url,Specialized Domain Data Services,1,1,Specialized Domain Data Services,Specialized Domain Data Services
Python::get_meminfo,Python,get_meminfo,System Command Execution,2,2,System Command Execution,System Command Execution
Python::get_notebook_path,Python,get_notebook_path,File System Operations,1,1,File System Operations,File System Operations
Python::get_object,Python,get_object,Cloud Infrastructure Management,1,1,Cloud Infrastructure Management,Cloud Infrastructure Management
Python::get_oncokb_annotation_for_variant,Python,get_oncokb_annotation_for_variant,File System Operations,1,1,File System Operations,File System Operations
Python::get_outputs,Python,get_outputs,System Command Execution,1,1,System Command Execution,System Command Execution
Python::get_postgres_version,Python,get_postgres_version,Database Management,1,1,Database Management,Database Management
Python::get_query_tag_param,Python,get_query_tag_param,Database Management,5,3,Database Management,Database Management
Python::get_region,Python,get_region,Cloud Infrastructure Management,1,1,Cloud Infrastructure Management,Cloud Infrastructure Management
Python::get_segments,Python,get_segments,System Command Execution,2,2,System Command Execution,System Command Execution
Python::get_session,Python,get_session,Database Management,1,1,Database Management,Database Management
Python::get_size,Python,get_size,Database Management,1,1,Database Management,Database Management
Python::get_sources_details,Python,get_sources_details,Database Management,1,1,Database Management,Database Management
Python::get_state,Python,get_state,Database Management,1,1,Database Management,Database Management
Python::get_statement_result,Python,get_statement_result,Database Management,4,5,Database Management,Database Management
Python::get_tids,Python,get_tids,System Command Execution,2,2,System Command Execution,System Command Execution
Python::get_uid,Python,get_uid,System Command Execution,2,2,System Command Execution,System Command Execution
Python::get_unprocessed_emails,Python,get_unprocessed_emails,Database Management,1,1,Database Management,Database Management
Python::get_variables,Python,get_variables,System Command Execution,1,1,System Command Execution,System Command Execution
Python::get_workspace_details,Python,get_workspace_details,Cloud Infrastructure Management,1,3,Cloud Infrastructure Management,Cloud Infrastructure Management
Python::git.Repo.commit,Python,git.Repo.commit,Project Management Services,1,1,Code Repository Services,Project Management Services
Python::github,Python,github,Project Management Services,1,1,Specialized Domain Data Services,Project Management Services
Python::github.Github.get_user,Python,github.Github.get_user,Project Management Services,2,1,Project Management Services,Project Management Services
Python::graph_client.fetch_func,Python,graph_client.fetch_func,AI and Machine Learning Services,1,2,AI and Machine Learning Services,AI and Machine Learning Services
Python::graphiti_core.utils.maintenance.graph_data_operations.clear_data,Python,graphiti_core.utils.maintenance.graph_data_operations.clear_data,File System Operations,1,1,File System Operations,File System Operations
Python::handle_log_system_pattern,Python,handle_log_system_pattern,System Command Execution,1,1,System Command Execution,System Command Execution
Python::has_focus,Python,has_focus,System Command Execution,1,1,System Command Execution,System Command Execution
Python::headless_ida_mcp_server.helper.cfunc.del_orphan_cmts,Python,headless_ida_mcp_server.helper.cfunc.del_orphan_cmts,System Command Execution,1,1,System Command Execution,System Command Execution
Python::headless_ida_mcp_server.helper.cfunc.has_orphan_cmts,Python,headless_ida_mcp_server.helper.cfunc.has_orphan_cmts,System Command Execution,1,1,System Command Execution,System Command Execution
Python::headless_ida_mcp_server.helper.get_function,Python,headless_ida_mcp_server.helper.get_function,System Command Execution,2,2,System Command Execution,System Command Execution
Python::headless_ida_mcp_server.helper.set_user_cmt,Python,headless_ida_mcp_server.helper.set_user_cmt,System Command Execution,1,1,System Command Execution,System Command Execution
Python::host_obj.get_connection,Python,host_obj.get_connection,Database Management,6,17,Database Management,Database Management
Python::httpx.AsyncClient,Python,httpx.AsyncClient,Specialized Domain Data Services,133,22,Specialized Domain Data Services,Specialized Domain Data Services
Python::httpx.Client,Python,httpx.Client,Specialized Domain Data Services,2,1,Specialized Domain Data Services,Specialized Domain Data Services
Python::httpx.Client.get,Python,httpx.Client.get,Specialized Domain Data Services,4,2,Specialized Domain Data Services,Specialized Domain Data Services
Python::httpx.Client.post,Python,httpx.Client.post,Specialized Domain Data Services,149,15,Specialized Domain Data Services,Specialized Domain Data Services
Python::httpx.Client.put,Python,httpx.Client.put,Specialized Domain Data Services,47,10,Specialized Domain Data Services,Specialized Domain Data Services
Python::httpx.Client.stream,Python,httpx.Client.stream,Specialized Domain Data Services,1,2,Specialized Domain Data Services,Specialized Domain Data Services
Python::httpx.delete,Python,httpx.delete,Specialized Domain Data Services,143,10,Specialized Domain Data Services,Specialized Domain Data Services
Python::httpx.get,Python,httpx.get,Specialized Domain Data Services,163,10,Specialized Domain Data Services,Specialized Domain Data Services
Python::httpx.put,Python,httpx.put,Specialized Domain Data Services,54,1,Specialized Domain Data Services,Specialized Domain Data Services
Python::httpx.request,Python,httpx.request,Specialized Domain Data Services,3,3,Specialized Domain Data Services,Specialized Domain Data Services
Python::ida_ida.get_entry_ordinal,Python,ida_ida.get_entry_ordinal,System Command Execution,1,1,System Command Execution,System Command Execution
Python::ida_ida.get_entry_qty,Python,ida_ida.get_entry_qty,System Command Execution,1,1,System Command Execution,System Command Execution
Python::idaapi.treeloc_t,Python,idaapi.treeloc_t,System Command Execution,1,1,System Command Execution,System Command Execution
Python::idc.get_strlit_contents,Python,idc.get_strlit_contents,System Command Execution,1,1,System Command Execution,System Command Execution
Python::idc.set_func_cmt,Python,idc.set_func_cmt,System Command Execution,1,1,System Command Execution,System Command Execution
Python::imagesorcery_mcp.config.config_manager.get_runtime_overrides,Python,imagesorcery_mcp.config.config_manager.get_runtime_overrides,File System Operations,1,1,File System Operations,File System Operations
Python::imagesorcery_mcp.config.config_manager.reset_runtime_overrides,Python,imagesorcery_mcp.config.config_manager.reset_runtime_overrides,Specialized Domain Data Services,1,1,Specialized Domain Data Services,Specialized Domain Data Services
Python::imagesorcery_mcp.config.config_manager.update_config,Python,imagesorcery_mcp.config.config_manager.update_config,File System Operations,1,1,File System Operations,File System Operations
Python::importlib.import_module,Python,importlib.import_module,System Command Execution,7,10,System Command Execution,System Command Execution
Python::init,Python,init,System Command Execution,10,6,System Command Execution,System Command Execution
Python::initialize_autocad_lisp,Python,initialize_autocad_lisp,System Command Execution,1,1,System Command Execution,System Command Execution
Python::inspect,Python,inspect,Database Management,15,6,Database Management; System Command Execution,Database Management; System Command Execution
Python::integrations.applescript_bridge.AppleScriptBridge.check_powerpoint_status,Python,integrations.applescript_bridge.AppleScriptBridge.check_powerpoint_status,System Command Execution,1,1,System Command Execution,System Command Execution
Python::iocextract.extract_emails,Python,iocextract.extract_emails,System Command Execution,1,1,System Command Execution,System Command Execution
Python::iris.classMethodString,Python,iris.classMethodString,System Command Execution,2,2,System Command Execution,System Command Execution
Python::is_closed,Python,is_closed,Browser Automation and Web Interaction,1,1,Browser Automation and Web Interaction,Browser Automation and Web Interaction
Python::is_modified,Python,is_modified,System Command Execution,1,1,System Command Execution,System Command Execution
Python::jmespath.compile,Python,jmespath.compile,Specialized Domain Data Services,1,1,Specialized Domain Data Services,Specialized Domain Data Services
Python::joinly.session.MeetingSession.join_meeting,Python,joinly.session.MeetingSession.join_meeting,System Command Execution,1,1,System Command Execution,System Command Execution
Python::jupyter_kernel_client.KernelClient,Python,jupyter_kernel_client.KernelClient,System Command Execution,1,1,System Command Execution,System Command Execution
Python::jupyter_kernel_client.KernelClient.start,Python,jupyter_kernel_client.KernelClient.start,System Command Execution,1,1,System Command Execution,System Command Execution
Python::jupyter_nbmodel_client.NbModelClient.execute_cell,Python,jupyter_nbmodel_client.NbModelClient.execute_cell,System Command Execution,1,1,System Command Execution,System Command Execution
Python::jupyter_server_api.JupyterServerClient,Python,jupyter_server_api.JupyterServerClient,System Command Execution,1,1,System Command Execution,System Command Execution
Python::jupyter_server_api.JupyterServerClient.contents.create_notebook,Python,jupyter_server_api.JupyterServerClient.contents.create_notebook,File System Operations,1,1,File System Operations,File System Operations
Python::jupyter_server_api.JupyterServerClient.contents.list_directory,Python,jupyter_server_api.JupyterServerClient.contents.list_directory,File System Operations,1,1,File System Operations,File System Operations
Python::k8s_mcp_server.tools.execute_command,Python,k8s_mcp_server.tools.execute_command,System Command Execution,4,4,System Command Execution,System Command Execution
Python::kafka.admin.KafkaAdminClient.create_topics,Python,kafka.admin.KafkaAdminClient.create_topics,Cloud Infrastructure Management,1,1,Cloud Infrastructure Management,Cloud Infrastructure Management
Python::kafka.admin.NewTopic,Python,kafka.admin.NewTopic,Cloud Infrastructure Management,1,1,Cloud Infrastructure Management,Cloud Infrastructure Management
Python::kernel.stop,Python,kernel.stop,System Command Execution,1,1,System Command Execution,System Command Execution
Python::keyDown,Python,keyDown,System Command Execution,1,1,System Command Execution,System Command Execution
Python::keyUp,Python,keyUp,System Command Execution,1,1,System Command Execution,System Command Execution
Python::keyboard.press_and_release,Python,keyboard.press_and_release,Specialized Domain Data Services,66,56,Specialized Domain Data Services,Specialized Domain Data Services
Python::keyboard.write,Python,keyboard.write,System Command Execution,84,83,System Command Execution,System Command Execution
Python::kiteconnect.KiteConnect.generate_session,Python,kiteconnect.KiteConnect.generate_session,Financial and Blockchain Services,1,1,Financial and Blockchain Services,Financial and Blockchain Services
Python::langchain_aws.BedrockEmbeddings,Python,langchain_aws.BedrockEmbeddings,AI and Machine Learning Services,1,4,AI and Machine Learning Services,AI and Machine Learning Services
Python::leanclient.LeanLSPClient.get_diagnostics,Python,leanclient.LeanLSPClient.get_diagnostics,System Command Execution,1,1,System Command Execution,System Command Execution
Python::leanclient.LeanLSPClient.update_file,Python,leanclient.LeanLSPClient.update_file,System Command Execution,1,1,System Command Execution,System Command Execution
Python::library.sections,Python,library.sections,File System Operations,1,11,File System Operations,File System Operations
Python::list_controls,Python,list_controls,System Command Execution,1,1,System Command Execution,System Command Execution
Python::locateOnScreen,Python,locateOnScreen,System Command Execution,1,1,System Command Execution,System Command Execution
Python::locator,Python,locator,Browser Automation and Web Interaction,3,2,Browser Automation and Web Interaction,Browser Automation and Web Interaction
Python::log_normal_variate,Python,log_normal_variate,File System Operations,1,1,File System Operations,File System Operations
Python::magicapi_tools.domain.dtos.backup_dtos.BackupOperationRequest,Python,magicapi_tools.domain.dtos.backup_dtos.BackupOperationRequest,Cloud Infrastructure Management,1,1,Cloud Infrastructure Management,Cloud Infrastructure Management
Python::magicapi_tools.ws.IDEEnvironment.ensure_running_sync,Python,magicapi_tools.ws.IDEEnvironment.ensure_running_sync,Specialized Domain Data Services,1,1,Specialized Domain Data Services,Specialized Domain Data Services
Python::make_ambari_request,Python,make_ambari_request,Cloud Infrastructure Management,1,2,Cloud Infrastructure Management,Cloud Infrastructure Management
Python::margins,Python,margins,Financial and Blockchain Services,1,1,Financial and Blockchain Services,Financial and Blockchain Services
Python::mavutil.mavconnection.close,Python,mavutil.mavconnection.close,File System Operations,1,3,File System Operations,File System Operations
Python::mavutil.mavlink_connection,Python,mavutil.mavlink_connection,Specialized Domain Data Services,1,1,Specialized Domain Data Services,Specialized Domain Data Services
Python::maxmsp.send_command,Python,maxmsp.send_command,System Command Execution,4,5,System Command Execution,System Command Execution
Python::maxmsp.send_request,Python,maxmsp.send_request,Project Management Services,3,1,Project Management Services,Project Management Services
Python::mcp.ClientSession.call_tool,Python,mcp.ClientSession.call_tool,System Command Execution,1,2,System Command Execution,System Command Execution
Python::mcp.server.fastmcp.BlenderConnection,Python,mcp.server.fastmcp.BlenderConnection,System Command Execution,19,21,System Command Execution,System Command Execution
Python::mcp.server.fastmcp.Context.send_command,Python,mcp.server.fastmcp.Context.send_command,System Command Execution,1,1,System Command Execution,System Command Execution
Python::mcp.server.fastmcp.FastMCP.agents.delete_agent,Python,mcp.server.fastmcp.FastMCP.agents.delete_agent,Cloud Infrastructure Management,4,2,Cloud Infrastructure Management,Cloud Infrastructure Management
Python::mcp.server.fastmcp.FastMCP.client.agents.list_messages,Python,mcp.server.fastmcp.FastMCP.client.agents.list_messages,AI and Machine Learning Services,3,4,AI and Machine Learning Services,AI and Machine Learning Services
Python::mcp.server.fastmcp.FastMCP.create_or_update_user,Python,mcp.server.fastmcp.FastMCP.create_or_update_user,Browser Automation and Web Interaction,1,2,Browser Automation and Web Interaction,Browser Automation and Web Interaction
Python::mcp.server.fastmcp.FastMCP.execute_command,Python,mcp.server.fastmcp.FastMCP.execute_command,System Command Execution,10,15,System Command Execution,System Command Execution
Python::mcp.server.fastmcp.FastMCP.run_query,Python,mcp.server.fastmcp.FastMCP.run_query,Database Management,1,1,Database Management,Database Management
Python::mcp.server.fastmcp.FastMCP.send_command,Python,mcp.server.fastmcp.FastMCP.send_command,System Command Execution,11,12,System Command Execution,System Command Execution
Python::mcp.server.fastmcp._call_endpoint,Python,mcp.server.fastmcp._call_endpoint,Database Management,28,21,Database Management,Database Management
Python::mcp.server.fastmcp.create_graph,Python,mcp.server.fastmcp.create_graph,Database Management,2,2,Database Management,Database Management
Python::mcp.server.fastmcp.get_tables,Python,mcp.server.fastmcp.get_tables,Database Management,1,1,Database Management,Database Management
Python::mcp.server.fastmcp.process_tts_request,Python,mcp.server.fastmcp.process_tts_request,Cloud Infrastructure Management,1,1,Cloud Infrastructure Management,Cloud Infrastructure Management
Python::mcp.server.fastmcp.server.Context.error,Python,mcp.server.fastmcp.server.Context.error,Specialized Domain Data Services,7,2,Specialized Domain Data Services,Specialized Domain Data Services
Python::mcp.server.fastmcp.server.publish_to_channel,Python,mcp.server.fastmcp.server.publish_to_channel,Project Management Services,1,1,Project Management Services,Project Management Services
Python::mcp_code_checker.code_checker_pytest.runners.check_code_with_pytest,Python,mcp_code_checker.code_checker_pytest.runners.check_code_with_pytest,System Command Execution,1,1,System Command Execution,System Command Execution
Python::mcp_code_checker.utils.subprocess_runner.execute_command,Python,mcp_code_checker.utils.subprocess_runner.execute_command,System Command Execution,1,1,System Command Execution,System Command Execution
Python::mcp_server_snowflake.cortex_services.prompts.query_cortex_agent,Python,mcp_server_snowflake.cortex_services.prompts.query_cortex_agent,Database Management,1,1,Database Management,Database Management
Python::mcp_timeplus.mcp_env.config.get_table_info,Python,mcp_timeplus.mcp_env.config.get_table_info,Database Management,1,1,Database Management,Database Management
Python::memalot.reports.reader.get_report_summaries,Python,memalot.reports.reader.get_report_summaries,Browser Automation and Web Interaction,1,1,Browser Automation and Web Interaction,Browser Automation and Web Interaction
Python::minio.Minio.bucket_exists,Python,minio.Minio.bucket_exists,Cloud Infrastructure Management,1,1,Cloud Infrastructure Management,Cloud Infrastructure Management
Python::minio.Minio.make_bucket,Python,minio.Minio.make_bucket,Cloud Infrastructure Management,1,1,Cloud Infrastructure Management,Cloud Infrastructure Management
Python::mm.get_mindmanager_version,Python,mm.get_mindmanager_version,Browser Automation and Web Interaction,1,1,Browser Automation and Web Interaction,Browser Automation and Web Interaction
Python::mmanager.mmanager.Model,Python,mmanager.mmanager.Model,System Command Execution,6,5,System Command Execution,System Command Execution
Python::monkdb.client.execute,Python,monkdb.client.execute,System Command Execution,1,1,System Command Execution,System Command Execution
Python::mouseUp,Python,mouseUp,System Command Execution,1,1,System Command Execution,System Command Execution
Python::mp_rester.summary.get_data_by_id,Python,mp_rester.summary.get_data_by_id,File System Operations,1,1,File System Operations,File System Operations
Python::mxcp.sdk.executor.ExecutionContext._execute_sql,Python,mxcp.sdk.executor.ExecutionContext._execute_sql,Specialized Domain Data Services,1,1,Database Management,Specialized Domain Data Services
Python::mysql.connector.cursor,Python,mysql.connector.cursor,Database Management,4,2,Database Management,Database Management
Python::mysql.connector.cursor.close,Python,mysql.connector.cursor.close,Database Management,6,2,Database Management,Database Management
Python::mysql.connector.cursor.execute,Python,mysql.connector.cursor.execute,Database Management,6,2,Database Management,Database Management
Python::namelist,Python,namelist,File System Operations,1,1,File System Operations,File System Operations
Python::neo4j.GraphDatabase,Python,neo4j.GraphDatabase,Database Management,43,34,Database Management,Database Management
Python::new_cdp_session,Python,new_cdp_session,File System Operations,1,1,File System Operations,File System Operations
Python::node.get_logger(),Python,node.get_logger(),System Command Execution,1,1,System Command Execution,System Command Execution
Python::nornir.core.Nornir.filter,Python,nornir.core.Nornir.filter,Cloud Infrastructure Management,11,17,Cloud Infrastructure Management,Cloud Infrastructure Management
Python::nornir.core.Nornir.run,Python,nornir.core.Nornir.run,System Command Execution,12,18,System Command Execution,System Command Execution
Python::notebook.start,Python,notebook.start,System Command Execution,3,2,System Command Execution,System Command Execution
Python::notebookutils.nbu,Python,notebookutils.nbu,System Command Execution,1,1,System Command Execution,System Command Execution
Python::notifypy.Notify.send,Python,notifypy.Notify.send,System Command Execution,1,1,System Command Execution,System Command Execution
Python::nr.filter,Python,nr.filter,System Command Execution,1,1,System Command Execution,System Command Execution
Python::ocr.process,Python,ocr.process,System Command Execution,2,2,System Command Execution,System Command Execution
Python::onecmd,Python,onecmd,System Command Execution,1,1,System Command Execution,System Command Execution
Python::openai.OpenAI,Python,openai.OpenAI,AI and Machine Learning Services,1,1,AI and Machine Learning Services,AI and Machine Learning Services
Python::openai.OpenAI.images.generate,Python,openai.OpenAI.images.generate,AI and Machine Learning Services,2,2,Specialized Domain Data Services,AI and Machine Learning Services
Python::openai.chat.completions.create,Python,openai.chat.completions.create,AI and Machine Learning Services,8,4,AI and Machine Learning Services,AI and Machine Learning Services
Python::openai.embeddings.create,Python,openai.embeddings.create,AI and Machine Learning Services,5,3,AI and Machine Learning Services,AI and Machine Learning Services
Python::os.access,Python,os.access,File System Operations,5,6,File System Operations,File System Operations
Python::os.chmod,Python,os.chmod,File System Operations,2,2,File System Operations,File System Operations
Python::os.kill,Python,os.kill,System Command Execution,6,6,System Command Execution,System Command Execution
Python::os.makedirs,Python,os.makedirs,File System Operations,80,58,File System Operations,File System Operations
Python::os.mkdir,Python,os.mkdir,File System Operations,8,4,File System Operations,File System Operations
Python::os.remove,Python,os.remove,File System Operations,40,14,File System Operations,File System Operations
Python::os.startfile,Python,os.startfile,System Command Execution,8,7,System Command Execution,System Command Execution
Python::os.unlink,Python,os.unlink,File System Operations,13,6,File System Operations,File System Operations
Python::os.urandom,Python,os.urandom,System Command Execution,1,1,System Command Execution,System Command Execution
Python::page.content(),Python,page.content(),Browser Automation and Web Interaction,1,1,Browser Automation and Web Interaction,Browser Automation and Web Interaction
Python::page.evaluate,Python,page.evaluate,Browser Automation and Web Interaction,19,14,Browser Automation and Web Interaction,Browser Automation and Web Interaction
Python::page.goto,Python,page.goto,Browser Automation and Web Interaction,8,8,Browser Automation and Web Interaction,Browser Automation and Web Interaction
Python::pandas.read_csv,Python,pandas.read_csv,File System Operations,1,1,File System Operations,File System Operations
Python::paradex_py.account.account.ParadexAccount,Python,paradex_py.account.account.ParadexAccount,Financial and Blockchain Services,16,1,Specialized Domain Data Services,Financial and Blockchain Services
Python::paradex_py.api.api_client.ParadexApiClient,Python,paradex_py.api.api_client.ParadexApiClient,Financial and Blockchain Services,1,1,Financial and Blockchain Services,Financial and Blockchain Services
Python::paramiko.AutoAddPolicy,Python,paramiko.AutoAddPolicy,System Command Execution,3,3,System Command Execution,System Command Execution
Python::paramiko.SSHClient,Python,paramiko.SSHClient,System Command Execution,3,3,System Command Execution,System Command Execution
Python::parser.from_file,Python,parser.from_file,System Command Execution,2,2,System Command Execution,System Command Execution
Python::pathlib.Path.mkdir,Python,pathlib.Path.mkdir,File System Operations,4,39,File System Operations,File System Operations
Python::pathlib.Path.unlink,Python,pathlib.Path.unlink,File System Operations,2,8,File System Operations,File System Operations
Python::pathlib.Path.write,Python,pathlib.Path.write,File System Operations,7,3,File System Operations,File System Operations
Python::pickle.load,Python,pickle.load,System Command Execution,20,20,System Command Execution,System Command Execution
Python::pixelle.mcp_core.mcp.remove_tool,Python,pixelle.mcp_core.mcp.remove_tool,System Command Execution,1,2,System Command Execution,System Command Execution
Python::platformdirs.user_cache_dir,Python,platformdirs.user_cache_dir,File System Operations,6,2,File System Operations,File System Operations
Python::play,Python,play,System Command Execution,1,1,System Command Execution,System Command Execution
Python::playwright.async_api.close,Python,playwright.async_api.close,Browser Automation and Web Interaction,1,1,Browser Automation and Web Interaction,Browser Automation and Web Interaction
Python::playwright.async_api.goto,Python,playwright.async_api.goto,Browser Automation and Web Interaction,1,1,Browser Automation and Web Interaction,Browser Automation and Web Interaction
Python::playwright.async_api.page.goto,Python,playwright.async_api.page.goto,Browser Automation and Web Interaction,1,2,Browser Automation and Web Interaction,Browser Automation and Web Interaction
Python::playwright.async_api.page.wait_for_function,Python,playwright.async_api.page.wait_for_function,Browser Automation and Web Interaction,1,2,Browser Automation and Web Interaction,Browser Automation and Web Interaction
Python::playwright.async_api.wait_for_selector,Python,playwright.async_api.wait_for_selector,Browser Automation and Web Interaction,1,1,Browser Automation and Web Interaction,Browser Automation and Web Interaction
Python::plexapi.myplex.MyPlexAccount.resource,Python,plexapi.myplex.MyPlexAccount.resource,Specialized Domain Data Services,2,1,Specialized Domain Data Services,Specialized Domain Data Services
Python::plotly.io.to_image,Python,plotly.io.to_image,File System Operations,5,1,File System Operations,File System Operations
Python::poisson_variate,Python,poisson_variate,File System Operations,1,1,File System Operations,File System Operations
Python::poml.poml,Python,poml.poml,Cloud Infrastructure Management,1,1,Cloud Infrastructure Management,Cloud Infrastructure Management
Python::postgres_mcp.index.dta_calc.DatabaseTuningAdvisor,Python,postgres_mcp.index.dta_calc.DatabaseTuningAdvisor,Database Management,2,1,Database Management,Database Management
Python::postgres_mcp.index.dta_calc.DatabaseTuningAdvisor.execute_query,Python,postgres_mcp.index.dta_calc.DatabaseTuningAdvisor.execute_query,Database Management,1,1,Database Management,Database Management
Python::postgres_mcp.index.dta_calc.SqlDriver.execute_query,Python,postgres_mcp.index.dta_calc.SqlDriver.execute_query,Database Management,1,1,Database Management,Database Management
Python::postgres_mcp.index.llm_opt.LLMOptimizerTool,Python,postgres_mcp.index.llm_opt.LLMOptimizerTool,Database Management,2,1,Database Management,Database Management
Python::pptx.shapes.base.BaseShape.getparent,Python,pptx.shapes.base.BaseShape.getparent,System Command Execution,1,1,System Command Execution,System Command Execution
Python::press,Python,press,Browser Automation and Web Interaction,2,4,Browser Automation and Web Interaction,Browser Automation and Web Interaction
Python::press_and_release,Python,press_and_release,System Command Execution,84,83,System Command Execution,System Command Execution
Python::press_mouse_input,Python,press_mouse_input,System Command Execution,1,1,System Command Execution,System Command Execution
Python::print_expression,Python,print_expression,System Command Execution,1,1,System Command Execution,System Command Execution
Python::proc.communicate,Python,proc.communicate,System Command Execution,2,2,System Command Execution,System Command Execution
Python::proc.net_connections,Python,proc.net_connections,System Command Execution,2,2,System Command Execution,System Command Execution
Python::process_iter,Python,process_iter,System Command Execution,2,2,System Command Execution,System Command Execution
Python::project.input_files.items,Python,project.input_files.items,System Command Execution,2,2,System Command Execution,System Command Execution
Python::pseudo_c,Python,pseudo_c,System Command Execution,1,1,System Command Execution,System Command Execution
Python::psutil.Process,Python,psutil.Process,System Command Execution,3,3,System Command Execution,System Command Execution
Python::psutil.Process.is_running,Python,psutil.Process.is_running,System Command Execution,2,2,System Command Execution,System Command Execution
Python::psutil.cpu_percent,Python,psutil.cpu_percent,System Command Execution,1,2,System Command Execution,System Command Execution
Python::psutil.net_connections,Python,psutil.net_connections,System Command Execution,2,3,System Command Execution,System Command Execution
Python::psutil.pids(),Python,psutil.pids(),System Command Execution,1,1,System Command Execution,System Command Execution
Python::psutil.proc.info,Python,psutil.proc.info,System Command Execution,1,2,System Command Execution,System Command Execution
Python::psutil.process_iter,Python,psutil.process_iter,System Command Execution,1,3,System Command Execution,System Command Execution
Python::psutil.virtual_memory,Python,psutil.virtual_memory,System Command Execution,1,2,System Command Execution,System Command Execution
Python::psutil.virtual_memory(),Python,psutil.virtual_memory(),System Command Execution,1,1,System Command Execution,System Command Execution
Python::psycopg.sql.SQL,Python,psycopg.sql.SQL,Database Management,2,3,Database Management,Database Management
Python::put_object,Python,put_object,Cloud Infrastructure Management,1,1,Cloud Infrastructure Management,Cloud Infrastructure Management
Python::pyautogui.click,Python,pyautogui.click,System Command Execution,3,2,System Command Execution,System Command Execution
Python::pyautogui.hotkey,Python,pyautogui.hotkey,System Command Execution,1,1,System Command Execution,System Command Execution
Python::pyautogui.moveTo,Python,pyautogui.moveTo,System Command Execution,4,2,System Command Execution,System Command Execution
Python::pyautogui.press,Python,pyautogui.press,System Command Execution,2,1,System Command Execution,System Command Execution
Python::pyautogui.size,Python,pyautogui.size,System Command Execution,2,1,System Command Execution,System Command Execution
Python::pyautogui.write,Python,pyautogui.write,System Command Execution,2,1,System Command Execution,System Command Execution
Python::pybitable.dbapi.Connection.execute,Python,pybitable.dbapi.Connection.execute,Browser Automation and Web Interaction,1,1,Browser Automation and Web Interaction,Browser Automation and Web Interaction
Python::pybitable.dbapi.cursor.execute,Python,pybitable.dbapi.cursor.execute,System Command Execution,1,1,System Command Execution,System Command Execution
Python::pymatgen.core.structure.Structure.from_file,Python,pymatgen.core.structure.Structure.from_file,File System Operations,1,1,File System Operations,File System Operations
Python::pymatgen.core.structure.Structure.to,Python,pymatgen.core.structure.Structure.to,System Command Execution,2,2,System Command Execution,System Command Execution
Python::pymolserver.server.do,Python,pymolserver.server.do,System Command Execution,1,1,System Command Execution,System Command Execution
Python::pymssql.execute,Python,pymssql.execute,Database Management,1,1,Database Management,Database Management
Python::pymssql.fetchone,Python,pymssql.fetchone,Database Management,1,1,Database Management,Database Management
Python::pyperclip.copy,Python,pyperclip.copy,System Command Execution,4,2,System Command Execution,System Command Execution
Python::pyperclip.paste,Python,pyperclip.paste,System Command Execution,2,2,System Command Execution,System Command Execution
Python::pytube.Search,Python,pytube.Search,System Command Execution,1,1,System Command Execution,System Command Execution
Python::pyvista.Box,Python,pyvista.Box,File System Operations,1,1,File System Operations,File System Operations
Python::pyvista.Cube,Python,pyvista.Cube,Specialized Domain Data Services,1,1,Specialized Domain Data Services,Specialized Domain Data Services
Python::pyvista.Line,Python,pyvista.Line,File System Operations,1,1,File System Operations,File System Operations
Python::pyvista.Polygon,Python,pyvista.Polygon,File System Operations,1,1,File System Operations,File System Operations
Python::pyvista.save,Python,pyvista.save,Cloud Infrastructure Management,2,2,Cloud Infrastructure Management,Cloud Infrastructure Management
Python::qgis.send_command,Python,qgis.send_command,Specialized Domain Data Services,2,1,Specialized Domain Data Services,Specialized Domain Data Services
Python::query_devices,Python,query_devices,System Command Execution,1,2,System Command Execution,System Command Execution
Python::queue_declare,Python,queue_declare,Cloud Infrastructure Management,1,1,Cloud Infrastructure Management,Cloud Infrastructure Management
Python::rabbitmq.admin.RabbitMQAdmin,Python,rabbitmq.admin.RabbitMQAdmin,Cloud Infrastructure Management,1,1,Cloud Infrastructure Management,Cloud Infrastructure Management
Python::ragflow.create_dataset,Python,ragflow.create_dataset,Specialized Domain Data Services,1,1,Specialized Domain Data Services,Specialized Domain Data Services
Python::ragflow.dataset.upload_documents,Python,ragflow.dataset.upload_documents,Specialized Domain Data Services,1,1,Specialized Domain Data Services,Specialized Domain Data Services
Python::ragflow.list_chats,Python,ragflow.list_chats,Specialized Domain Data Services,1,1,Specialized Domain Data Services,Specialized Domain Data Services
Python::rcon.rcon_server.RCONServer.send_command,Python,rcon.rcon_server.RCONServer.send_command,System Command Execution,4,3,System Command Execution,System Command Execution
Python::readline,Python,readline,System Command Execution,4,4,System Command Execution,System Command Execution
Python::redshift_data_client,Python,redshift_data_client,Database Management,4,5,Database Management,Database Management
Python::refresh,Python,refresh,Database Management,8,10,Database Management,Database Management
Python::reg_hive_list,Python,reg_hive_list,System Command Execution,2,2,System Command Execution,System Command Execution
Python::reg_key,Python,reg_key,System Command Execution,1,1,System Command Execution,System Command Execution
Python::reg_value,Python,reg_value,System Command Execution,1,1,System Command Execution,System Command Execution
Python::register_table_in_schema_info,Python,register_table_in_schema_info,Database Management,1,1,Database Management,Database Management
Python::replicate.run,Python,replicate.run,AI and Machine Learning Services,2,2,AI and Machine Learning Services,AI and Machine Learning Services
Python::requests.Response.raise_for_status,Python,requests.Response.raise_for_status,Specialized Domain Data Services,36,5,Specialized Domain Data Services,Specialized Domain Data Services
Python::requests.Response.text,Python,requests.Response.text,Specialized Domain Data Services,13,1,Specialized Domain Data Services,Specialized Domain Data Services
Python::requests.Session,Python,requests.Session,Specialized Domain Data Services,2,2,Specialized Domain Data Services,Specialized Domain Data Services
Python::requests.get,Python,requests.get,Specialized Domain Data Services,59,9,Specialized Domain Data Services,Specialized Domain Data Services
Python::requests.post,Python,requests.post,Specialized Domain Data Services,103,41,Specialized Domain Data Services,Specialized Domain Data Services
Python::requests.put,Python,requests.put,Specialized Domain Data Services,22,1,Specialized Domain Data Services,Specialized Domain Data Services
Python::requests.request,Python,requests.request,Specialized Domain Data Services,4,33,Specialized Domain Data Services,Specialized Domain Data Services
Python::reset_connections,Python,reset_connections,Database Management,2,2,Database Management,Database Management
Python::restPOST,Python,restPOST,Database Management,1,1,Database Management,Database Management
Python::restore,Python,restore,Cloud Infrastructure Management,1,2,Cloud Infrastructure Management,Cloud Infrastructure Management
Python::retrieve_docdb_records,Python,retrieve_docdb_records,Database Management,1,1,Database Management,Database Management
Python::robjects.r,Python,robjects.r,System Command Execution,18,18,System Command Execution,System Command Execution
Python::robotConnector.DashboardClient.last_respond.lower,Python,robotConnector.DashboardClient.last_respond.lower,System Command Execution,1,1,System Command Execution,System Command Execution
Python::robotConnector.DashboardClient.ur_is_remote_control,Python,robotConnector.DashboardClient.ur_is_remote_control,System Command Execution,1,1,System Command Execution,System Command Execution
Python::rt.get,Python,rt.get,Cloud Infrastructure Management,1,2,Cloud Infrastructure Management,Cloud Infrastructure Management
Python::run_artisan_command,Python,run_artisan_command,System Command Execution,1,1,System Command Execution,System Command Execution
Python::run_in_executor,Python,run_in_executor,System Command Execution,7,9,System Command Execution,System Command Execution
Python::run_sql,Python,run_sql,Specialized Domain Data Services,1,1,Database Management,Specialized Domain Data Services
Python::run_subprocess,Python,run_subprocess,System Command Execution,1,1,File System Operations,System Command Execution
Python::safe_execute,Python,safe_execute,System Command Execution,2,1,System Command Execution,System Command Execution
Python::save_index,Python,save_index,File System Operations,1,1,File System Operations,File System Operations
Python::scan_devices,Python,scan_devices,System Command Execution,1,1,System Command Execution,System Command Execution
Python::sct.grab,Python,sct.grab,System Command Execution,2,1,System Command Execution,System Command Execution
Python::search_by_assignee,Python,search_by_assignee,System Command Execution,1,1,System Command Execution,System Command Execution
Python::search_document.document.copy,Python,search_document.document.copy,File System Operations,2,2,File System Operations,File System Operations
Python::search_functions_advanced,Python,search_functions_advanced,System Command Execution,1,1,System Command Execution,System Command Execution
Python::search_functions_by_name,Python,search_functions_by_name,System Command Execution,1,1,System Command Execution,System Command Execution
Python::select_option,Python,select_option,Browser Automation and Web Interaction,1,1,Browser Automation and Web Interaction,Browser Automation and Web Interaction
Python::selenium.webdriver.chrome.options.Options.add_argument,Python,selenium.webdriver.chrome.options.Options.add_argument,Browser Automation and Web Interaction,1,1,Browser Automation and Web Interaction,Browser Automation and Web Interaction
Python::selenium.webdriver.chrome.webdriver.WebDriver.quit,Python,selenium.webdriver.chrome.webdriver.WebDriver.quit,Browser Automation and Web Interaction,1,1,Browser Automation and Web Interaction,Browser Automation and Web Interaction
Python::selenium.webdriver.get,Python,selenium.webdriver.get,Browser Automation and Web Interaction,1,2,Browser Automation and Web Interaction,Browser Automation and Web Interaction
Python::selenium.webdriver.save_screenshot,Python,selenium.webdriver.save_screenshot,Browser Automation and Web Interaction,1,1,Browser Automation and Web Interaction,Browser Automation and Web Interaction
Python::self._get_connection(),Python,self._get_connection(),Database Management,3,2,Database Management,Database Management
Python::self.cache.set,Python,self.cache.set,Database Management,1,4,Database Management,Database Management
Python::self.client.agents.create_agent,Python,self.client.agents.create_agent,AI and Machine Learning Services,1,1,AI and Machine Learning Services,AI and Machine Learning Services
Python::self.db_client.execute,Python,self.db_client.execute,Database Management,1,1,Database Management,Database Management
Python::send_chat_message,Python,send_chat_message,File System Operations,1,1,File System Operations,File System Operations
Python::sendall,Python,sendall,System Command Execution,14,19,System Command Execution,System Command Execution
Python::session.commit,Python,session.commit,Database Management,1,1,Database Management,Database Management
Python::session.execute_command,Python,session.execute_command,System Command Execution,3,4,System Command Execution,System Command Execution
Python::session.get,Python,session.get,Specialized Domain Data Services,1,1,Specialized Domain Data Services,Specialized Domain Data Services
Python::session['process'].stdout.readline,Python,session['process'].stdout.readline,System Command Execution,1,1,System Command Execution,System Command Execution
Python::set_focus,Python,set_focus,System Command Execution,1,1,System Command Execution,System Command Execution
Python::set_missing_host_key_policy,Python,set_missing_host_key_policy,System Command Execution,3,3,System Command Execution,System Command Execution
Python::set_sort,Python,set_sort,Database Management,1,1,Database Management,Database Management
Python::set_trade_env,Python,set_trade_env,Financial and Blockchain Services,2,4,Financial and Blockchain Services,Financial and Blockchain Services
Python::set_value,Python,set_value,System Command Execution,1,1,System Command Execution,System Command Execution
Python::shell,Python,shell,System Command Execution,6,5,System Command Execution,System Command Execution
Python::shlex.split,Python,shlex.split,System Command Execution,2,2,System Command Execution,System Command Execution
Python::show_notification,Python,show_notification,File System Operations,1,1,File System Operations,File System Operations
Python::signal.alarm,Python,signal.alarm,System Command Execution,2,2,System Command Execution,System Command Execution
Python::similarity_search,Python,similarity_search,Database Management,1,1,Database Management,Database Management
Python::smolagents.WebSearchTool,Python,smolagents.WebSearchTool,System Command Execution,1,1,System Command Execution,System Command Execution
Python::snowflake_service.get_connection,Python,snowflake_service.get_connection,Database Management,5,3,Database Management,Database Management
Python::socket.connect,Python,socket.connect,File System Operations,1,1,File System Operations,File System Operations
Python::socket.socket,Python,socket.socket,System Command Execution,11,13,System Command Execution,System Command Execution
Python::socket.socket.connect,Python,socket.socket.connect,System Command Execution,1,1,System Command Execution,System Command Execution
Python::sounddevice.sd,Python,sounddevice.sd,System Command Execution,2,1,System Command Execution,System Command Execution
Python::sp_context.execute_query,Python,sp_context.execute_query,Specialized Domain Data Services,1,2,Specialized Domain Data Services,Specialized Domain Data Services
Python::sql_driver.execute_query,Python,sql_driver.execute_query,Database Management,2,3,Database Management,Database Management
Python::sqlalchemy.create_engine.execute,Python,sqlalchemy.create_engine.execute,Database Management,2,1,Database Management,Database Management
Python::sqlalchemy.fetchone,Python,sqlalchemy.fetchone,Database Management,1,1,Database Management,Database Management
Python::sqlalchemy.text,Python,sqlalchemy.text,Database Management,7,2,Database Management,Database Management
Python::sqlite3.Connection.commit,Python,sqlite3.Connection.commit,Database Management,13,5,Database Management,Database Management
Python::sqlite3.Connection.cursor,Python,sqlite3.Connection.cursor,Database Management,6,4,Database Management,Database Management
Python::sqlite3.Connection.execute,Python,sqlite3.Connection.execute,Database Management,4,1,Database Management,Database Management
Python::sqlite3.Cursor.execute,Python,sqlite3.Cursor.execute,Database Management,22,7,Database Management,Database Management
Python::sqlite3.Cursor.fetchall,Python,sqlite3.Cursor.fetchall,Database Management,13,5,Database Management,Database Management
Python::sqlite3.Cursor.fetchone,Python,sqlite3.Cursor.fetchone,Database Management,6,4,Database Management,Database Management
Python::sqlite3.connect.cursor,Python,sqlite3.connect.cursor,Database Management,8,4,Database Management,Database Management
Python::sqlite3.execute_query,Python,sqlite3.execute_query,Database Management,2,1,Database Management,Database Management
Python::sqlite3.rollback,Python,sqlite3.rollback,Database Management,1,2,Database Management,Database Management
Python::sqlitecloud.connect,Python,sqlitecloud.connect,Database Management,3,1,Database Management,Database Management
Python::sqlmodel.Session.add,Python,sqlmodel.Session.add,Database Management,1,1,Database Management,Database Management
Python::sqlmodel.Session.delete,Python,sqlmodel.Session.delete,Database Management,1,1,Database Management,Database Management
Python::sqlmodel.Session.exec,Python,sqlmodel.Session.exec,Database Management,1,1,Database Management,Database Management
Python::sqlmodel.Session.get,Python,sqlmodel.Session.get,Database Management,1,1,Database Management,Database Management
Python::src.common.connection.CockroachConnectionPool.acquire,Python,src.common.connection.CockroachConnectionPool.acquire,Database Management,2,1,Database Management,Database Management
Python::src.common.connection.CockroachConnectionPool.fetch,Python,src.common.connection.CockroachConnectionPool.fetch,Database Management,2,1,Database Management,Database Management
Python::src.runtime.device_manager.get_device_details,Python,src.runtime.device_manager.get_device_details,System Command Execution,1,1,System Command Execution,System Command Execution
Python::src.runtime.vpn_manager.get_vpn_client_details,Python,src.runtime.vpn_manager.get_vpn_client_details,System Command Execution,1,1,System Command Execution,System Command Execution
Python::ssh_utils.execute_command_on_server,Python,ssh_utils.execute_command_on_server,System Command Execution,2,1,System Command Execution,System Command Execution
Python::stdin.write,Python,stdin.write,File System Operations,1,1,System Command Execution,System Command Execution
Python::student_database.StudentDatabaseModule.execute_query,Python,student_database.StudentDatabaseModule.execute_query,Database Management,2,1,Database Management,Database Management
Python::subprocess.Popen,Python,subprocess.Popen,System Command Execution,20,18,System Command Execution,System Command Execution
Python::subprocess.Popen.communicate,Python,subprocess.Popen.communicate,System Command Execution,36,34,System Command Execution,System Command Execution
Python::subprocess.Popen.stdout,Python,subprocess.Popen.stdout,System Command Execution,10,9,System Command Execution,System Command Execution
Python::subprocess.call,Python,subprocess.call,System Command Execution,2,2,System Command Execution,System Command Execution
Python::subprocess.check_output,Python,subprocess.check_output,System Command Execution,10,10,System Command Execution,System Command Execution
Python::subprocess.communicate,Python,subprocess.communicate,System Command Execution,9,8,System Command Execution,System Command Execution
Python::subprocess.create_time,Python,subprocess.create_time,System Command Execution,2,2,System Command Execution,System Command Execution
Python::subprocess.poll,Python,subprocess.poll,System Command Execution,2,1,System Command Execution,System Command Execution
Python::subprocess.run,Python,subprocess.run,System Command Execution,307,303,System Command Execution,System Command Execution
Python::subprocess.run_applescript,Python,subprocess.run_applescript,System Command Execution,1,6,System Command Execution,System Command Execution
Python::subprocess.run_command,Python,subprocess.run_command,System Command Execution,3,9,System Command Execution,System Command Execution
Python::subprocess.subprocess,Python,subprocess.subprocess,System Command Execution,10,8,System Command Execution,System Command Execution
Python::supabase,Python,supabase,Cloud Infrastructure Management,6,7,Cloud Infrastructure Management,Cloud Infrastructure Management
Python::supabase_mcp.tools.manager.feature_manager.execute_tool,Python,supabase_mcp.tools.manager.feature_manager.execute_tool,System Command Execution,6,7,System Command Execution,System Command Execution
Python::supercell_structure_data.to_folder,Python,supercell_structure_data.to_folder,System Command Execution,1,1,System Command Execution,System Command Execution
Python::taosrest.RestClient.execute_sql,Python,taosrest.RestClient.execute_sql,Database Management,3,3,Database Management,Database Management
Python::taosrest.execute_sql,Python,taosrest.execute_sql,Database Management,1,1,Database Management,Database Management
Python::task_manager.create_task,Python,task_manager.create_task,System Command Execution,1,1,System Command Execution,System Command Execution
Python::telethon.functions.messages.ExportChatInviteRequest,Python,telethon.functions.messages.ExportChatInviteRequest,Project Management Services,1,1,Project Management Services,Project Management Services
Python::telethon.tl.functions.messages.ExportChatInviteRequest,Python,telethon.tl.functions.messages.ExportChatInviteRequest,Project Management Services,1,1,Project Management Services,Project Management Services
Python::telnetlib.Telnet.write,Python,telnetlib.Telnet.write,System Command Execution,4,5,System Command Execution,System Command Execution
Python::timeplus_connect.client.command,Python,timeplus_connect.client.command,Cloud Infrastructure Management,2,1,Cloud Infrastructure Management,Cloud Infrastructure Management
Python::timeplus_connect.client.query,Python,timeplus_connect.client.query,Database Management,1,1,Database Management,Database Management
Python::timeplus_connect.driver.binding.client.command,Python,timeplus_connect.driver.binding.client.command,Database Management,1,1,Database Management,Database Management
Python::timeplus_connect.driver.binding.query,Python,timeplus_connect.driver.binding.query,Database Management,1,1,Database Management,Database Management
Python::timeplus_connect.get_table_info,Python,timeplus_connect.get_table_info,Database Management,1,1,Database Management,Database Management
Python::tk.Tk(),Python,tk.Tk(),System Command Execution,5,6,System Command Execution,System Command Execution
Python::to_csv,Python,to_csv,File System Operations,11,8,File System Operations,File System Operations
Python::tools.get_namespaces,Python,tools.get_namespaces,System Command Execution,1,1,System Command Execution,System Command Execution
Python::tools.memory_optimization_report,Python,tools.memory_optimization_report,System Command Execution,1,3,System Command Execution,System Command Execution
Python::tos.TosClientV2.pre_signed_url,Python,tos.TosClientV2.pre_signed_url,System Command Execution,2,3,System Command Execution,System Command Execution
Python::transcribe,Python,transcribe,AI and Machine Learning Services,2,1,AI and Machine Learning Services,AI and Machine Learning Services
Python::trellis_api.TrellisClient.send_command,Python,trellis_api.TrellisClient.send_command,System Command Execution,1,1,System Command Execution,System Command Execution
Python::trigger_interrupt_with_ui,Python,trigger_interrupt_with_ui,System Command Execution,1,1,System Command Execution,System Command Execution
Python::typewrite,Python,typewrite,System Command Execution,1,1,System Command Execution,System Command Execution
Python::update_active_sessions_metric,Python,update_active_sessions_metric,Specialized Domain Data Services,1,1,Specialized Domain Data Services,Specialized Domain Data Services
Python::update_cookies,Python,update_cookies,Browser Automation and Web Interaction,3,3,Browser Automation and Web Interaction,Browser Automation and Web Interaction
Python::update_file,Python,update_file,Project Management Services,2,2,Project Management Services,Project Management Services
Python::update_filters_from_website,Python,update_filters_from_website,Specialized Domain Data Services,1,1,Specialized Domain Data Services,Specialized Domain Data Services
Python::update_issue_status,Python,update_issue_status,Project Management Services,1,1,Project Management Services,Project Management Services
Python::update_repository,Python,update_repository,System Command Execution,3,3,System Command Execution,System Command Execution
Python::utils.NotebookManager.remove_notebook,Python,utils.NotebookManager.remove_notebook,File System Operations,1,1,File System Operations,File System Operations
Python::valyu.context,Python,valyu.context,System Command Execution,1,1,System Command Execution,System Command Execution
Python::vizro.Vizro._reset,Python,vizro.Vizro._reset,AI and Machine Learning Services,2,1,AI and Machine Learning Services,AI and Machine Learning Services
Python::vms_utils.get_recording_dates,Python,vms_utils.get_recording_dates,System Command Execution,1,1,System Command Execution,System Command Execution
Python::vmspy.set_image_size,Python,vmspy.set_image_size,Cloud Infrastructure Management,2,1,Cloud Infrastructure Management,Cloud Infrastructure Management
Python::vmspy.set_pixel_format,Python,vmspy.set_pixel_format,Specialized Domain Data Services,2,1,Specialized Domain Data Services,Specialized Domain Data Services
Python::voice_mode.shared.startup_initialization,Python,voice_mode.shared.startup_initialization,System Command Execution,1,1,System Command Execution,System Command Execution
Python::voice_mode.utils.services.whisper_helpers.find_whisper_server,Python,voice_mode.utils.services.whisper_helpers.find_whisper_server,System Command Execution,2,2,System Command Execution,System Command Execution
Python::wait_for_load_state,Python,wait_for_load_state,Browser Automation and Web Interaction,1,2,Browser Automation and Web Interaction,Browser Automation and Web Interaction
Python::wait_heartbeat,Python,wait_heartbeat,File System Operations,1,3,File System Operations,File System Operations
Python::webbrowser.open,Python,webbrowser.open,Browser Automation and Web Interaction,13,13,System Command Execution,Browser Automation and Web Interaction
Python::webdriver.Chrome,Python,webdriver.Chrome,Browser Automation and Web Interaction,1,1,Browser Automation and Web Interaction,Browser Automation and Web Interaction
Python::websockets.connect,Python,websockets.connect,Specialized Domain Data Services,2,2,Network Access,Specialized Domain Data Services
Python::websockets.send,Python,websockets.send,Specialized Domain Data Services,2,2,Network Access,Specialized Domain Data Services
Python::win32api.GetSystemMetrics,Python,win32api.GetSystemMetrics,System Command Execution,3,3,System Command Execution,System Command Execution
Python::win32com.client,Python,win32com.client,System Command Execution,1,1,System Command Execution,System Command Execution
Python::win32com.client.Dispatch,Python,win32com.client.Dispatch,System Command Execution,6,8,System Command Execution,System Command Execution
Python::win32com.client.Dispatch.Documents.Add,Python,win32com.client.Dispatch.Documents.Add,System Command Execution,1,1,System Command Execution,System Command Execution
Python::win32com.client.DispatchEx,Python,win32com.client.DispatchEx,System Command Execution,2,2,System Command Execution,System Command Execution
Python::win32com.client.Resize,Python,win32com.client.Resize,System Command Execution,1,1,System Command Execution,System Command Execution
Python::win32com.client.Translate,Python,win32com.client.Translate,System Command Execution,1,2,System Command Execution,System Command Execution
Python::win32com.client.dynamic.Dispatch,Python,win32com.client.dynamic.Dispatch,System Command Execution,2,2,System Command Execution,System Command Execution
Python::win32gui.FindWindow,Python,win32gui.FindWindow,System Command Execution,52,52,System Command Execution,System Command Execution
Python::window,Python,window,System Command Execution,3,2,System Command Execution,System Command Execution
Python::wm_size,Python,wm_size,System Command Execution,2,2,System Command Execution,System Command Execution
Python::worksheet,Python,worksheet,Project Management Services,1,1,Project Management Services,Project Management Services
Python::wxauto.WeChat.ChatWith,Python,wxauto.WeChat.ChatWith,System Command Execution,1,1,System Command Execution,System Command Execution
Python::yellhorn_mcp.integrations.github_integration.run_github_command,Python,yellhorn_mcp.integrations.github_integration.run_github_command,System Command Execution,1,1,System Command Execution,System Command Execution
Python::yokatlas_py.onlisanstercihsihirbazi.YOKATLASOnlisansTercihSihirbazi,Python,yokatlas_py.onlisanstercihsihirbazi.YOKATLASOnlisansTercihSihirbazi,Browser Automation and Web Interaction,1,1,Browser Automation and Web Interaction,Browser Automation and Web Interaction
Python::yokatlas_py.onlisanstercihsihirbazi.YOKATLASOnlisansTercihSihirbazi.search,Python,yokatlas_py.onlisanstercihsihirbazi.YOKATLASOnlisansTercihSihirbazi.search,File System Operations,1,1,File System Operations,File System Operations
Python::yt_dlp.YoutubeDL.prepare_filename,Python,yt_dlp.YoutubeDL.prepare_filename,System Command Execution,1,1,System Command Execution,System Command Execution
TypeScript::../db/screenshot-db.getScreenshotDB,TypeScript,../db/screenshot-db.getScreenshotDB,Database Management,7,10,Database Management,Database Management
TypeScript::../generated/c64/index.js.Api.v1.machineReadmemList,TypeScript,../generated/c64/index.js.Api.v1.machineReadmemList,System Command Execution,1,1,System Command Execution,System Command Execution
TypeScript::../hledger-path.getHledgerPath,TypeScript,../hledger-path.getHledgerPath,File System Operations,17,13,File System Operations,File System Operations
TypeScript::../lib/vtCli.ts.prepareValWorkspace,TypeScript,../lib/vtCli.ts.prepareValWorkspace,Cloud Infrastructure Management,5,4,Cloud Infrastructure Management,Cloud Infrastructure Management
TypeScript::../services/edgedb.js.getClient,TypeScript,../services/edgedb.js.getClient,Database Management,1,1,Database Management,Database Management
TypeScript::../services/ssh-connection-manager.js.SSHConnectionManager.getInstance,TypeScript,../services/ssh-connection-manager.js.SSHConnectionManager.getInstance,System Command Execution,1,1,System Command Execution,System Command Execution
TypeScript::../utils/command-executor.execAsync,TypeScript,../utils/command-executor.execAsync,System Command Execution,1,1,System Command Execution,System Command Execution
TypeScript::../utils/credentials.js.getSalesforceCredentials,TypeScript,../utils/credentials.js.getSalesforceCredentials,Identity and Access Management,1,1,Identity and Access Management,Identity and Access Management
TypeScript::./aegis-client.js.aegisClient.report,TypeScript,./aegis-client.js.aegisClient.report,Specialized Domain Data Services,15,15,Specialized Domain Data Services,Specialized Domain Data Services
TypeScript::./db/index.js.insert,TypeScript,./db/index.js.insert,Database Management,1,2,Database Management,Database Management
TypeScript::./tools/issue/index.js.issueTools.decomposeIssue,TypeScript,./tools/issue/index.js.issueTools.decomposeIssue,System Command Execution,1,1,System Command Execution,System Command Execution
TypeScript::@ai-sdk/google.textEmbeddingModel,TypeScript,@ai-sdk/google.textEmbeddingModel,AI and Machine Learning Services,1,2,AI and Machine Learning Services,AI and Machine Learning Services
TypeScript::@cloudflare/puppeteer.goto,TypeScript,@cloudflare/puppeteer.goto,Browser Automation and Web Interaction,1,1,Browser Automation and Web Interaction,Browser Automation and Web Interaction
TypeScript::@cloudflare/puppeteer.launch,TypeScript,@cloudflare/puppeteer.launch,Browser Automation and Web Interaction,1,1,Browser Automation and Web Interaction,Browser Automation and Web Interaction
TypeScript::@cloudflare/puppeteer.page.close,TypeScript,@cloudflare/puppeteer.page.close,Browser Automation and Web Interaction,1,1,Browser Automation and Web Interaction,Browser Automation and Web Interaction
TypeScript::@cloudflare/puppeteer.page.evaluate,TypeScript,@cloudflare/puppeteer.page.evaluate,Browser Automation and Web Interaction,1,1,Browser Automation and Web Interaction,Browser Automation and Web Interaction
TypeScript::@cloudflare/puppeteer.setViewport,TypeScript,@cloudflare/puppeteer.setViewport,Browser Automation and Web Interaction,1,1,Browser Automation and Web Interaction,Browser Automation and Web Interaction
TypeScript::@cloudflare/workers-oauth-provider.put,TypeScript,@cloudflare/workers-oauth-provider.put,Cloud Infrastructure Management,1,1,Cloud Infrastructure Management,Cloud Infrastructure Management
TypeScript::@duckdb/duckdb-wasm.AsyncDuckDB.connect,TypeScript,@duckdb/duckdb-wasm.AsyncDuckDB.connect,Database Management,2,3,Database Management,Database Management
TypeScript::@duckdb/duckdb-wasm.AsyncDuckDB.query,TypeScript,@duckdb/duckdb-wasm.AsyncDuckDB.query,Database Management,2,3,Database Management,Database Management
TypeScript::@electric-sql/pglite.PGlite.query,TypeScript,@electric-sql/pglite.PGlite.query,Database Management,2,2,Database Management,Database Management
TypeScript::@goat-sdk/crossmint.crossmint,TypeScript,@goat-sdk/crossmint.crossmint,Financial and Blockchain Services,2,2,Financial and Blockchain Services,Financial and Blockchain Services
TypeScript::@goat-sdk/plugin-erc20.erc20,TypeScript,@goat-sdk/plugin-erc20.erc20,Financial and Blockchain Services,2,2,Financial and Blockchain Services,Financial and Blockchain Services
TypeScript::@goat-sdk/wallet-viem.viem,TypeScript,@goat-sdk/wallet-viem.viem,Financial and Blockchain Services,3,2,Blockchain and Cryptocurrency Services,Financial and Blockchain Services
TypeScript::@google/generative-ai.GoogleGenerativeAI.generateContent,TypeScript,@google/generative-ai.GoogleGenerativeAI.generateContent,AI and Machine Learning Services,4,2,AI and Machine Learning Services,AI and Machine Learning Services
TypeScript::@google/generative-ai.getGenerativeModel,TypeScript,@google/generative-ai.getGenerativeModel,AI and Machine Learning Services,1,2,AI and Machine Learning Services,AI and Machine Learning Services
TypeScript::@jimpick/fireproof-core.Database.put,TypeScript,@jimpick/fireproof-core.Database.put,Database Management,1,1,Database Management,Database Management
TypeScript::@jimpick/fireproof-core.fireproof,TypeScript,@jimpick/fireproof-core.fireproof,Database Management,4,2,Database Management,Database Management
TypeScript::@jimpick/fireproof-core.put,TypeScript,@jimpick/fireproof-core.put,Database Management,2,1,Database Management,Database Management
TypeScript::@jimpick/fireproof-core.query,TypeScript,@jimpick/fireproof-core.query,Database Management,3,2,Database Management,Database Management
TypeScript::@kubernetes/client-node.KubeConfig.loadFromDefault,TypeScript,@kubernetes/client-node.KubeConfig.loadFromDefault,Cloud Infrastructure Management,1,1,Cloud Infrastructure Management,Cloud Infrastructure Management
TypeScript::@kubernetes/client-node.KubeConfig.loadFromFile,TypeScript,@kubernetes/client-node.KubeConfig.loadFromFile,Cloud Infrastructure Management,1,1,Cloud Infrastructure Management,Cloud Infrastructure Management
TypeScript::@libsql/client.Client.execute,TypeScript,@libsql/client.Client.execute,System Command Execution,2,4,System Command Execution,System Command Execution
TypeScript::@libsql/client.createClient,TypeScript,@libsql/client.createClient,Database Management,1,1,Database Management,Database Management
TypeScript::@libsql/client.createClient.execute,TypeScript,@libsql/client.createClient.execute,Database Management,1,1,Database Management,Database Management
TypeScript::@linear/sdk.LinearClient.createIssueRelation,TypeScript,@linear/sdk.LinearClient.createIssueRelation,Project Management Services,1,1,Project Management Services,Project Management Services
TypeScript::@linear/sdk.LinearClient.deleteInitiativeToProject,TypeScript,@linear/sdk.LinearClient.deleteInitiativeToProject,Project Management Services,1,1,Project Management Services,Project Management Services
TypeScript::@linear/sdk.LinearClient.initiativeToProjects,TypeScript,@linear/sdk.LinearClient.initiativeToProjects,Project Management Services,1,1,Project Management Services,Project Management Services
TypeScript::@linear/sdk.LinearClient.updateProject,TypeScript,@linear/sdk.LinearClient.updateProject,Project Management Services,1,1,Project Management Services,Project Management Services
TypeScript::@mendable/firecrawl-js.FirecrawlApp.extract,TypeScript,@mendable/firecrawl-js.FirecrawlApp.extract,System Command Execution,1,2,System Command Execution,System Command Execution
TypeScript::@modelcontextprotocol/sdk/client/index.js.Client.callTool,TypeScript,@modelcontextprotocol/sdk/client/index.js.Client.callTool,Specialized Domain Data Services,1,1,Specialized Domain Data Services,Specialized Domain Data Services
TypeScript::@modelcontextprotocol/sdk/client/index.js.Client.connect,TypeScript,@modelcontextprotocol/sdk/client/index.js.Client.connect,Specialized Domain Data Services,3,2,Specialized Domain Data Services,Specialized Domain Data Services
TypeScript::@modelcontextprotocol/sdk/server/completable.js.Completable.complete,TypeScript,@modelcontextprotocol/sdk/server/completable.js.Completable.complete,Financial and Blockchain Services,1,1,Financial and Blockchain Services,Financial and Blockchain Services
TypeScript::@modelcontextprotocol/sdk/server/index.js.Server.listRoots,TypeScript,@modelcontextprotocol/sdk/server/index.js.Server.listRoots,File System Operations,7,9,File System Operations,File System Operations
TypeScript::@modelcontextprotocol/sdk/server/index.js.importAll,TypeScript,@modelcontextprotocol/sdk/server/index.js.importAll,Cloud Infrastructure Management,1,1,Cloud Infrastructure Management,Cloud Infrastructure Management
TypeScript::@modelcontextprotocol/sdk/server/index.js.report_progress,TypeScript,@modelcontextprotocol/sdk/server/index.js.report_progress,Database Management,1,1,Database Management,Database Management
TypeScript::@modelcontextprotocol/sdk/server/index.js.sendNotification,TypeScript,@modelcontextprotocol/sdk/server/index.js.sendNotification,System Command Execution,3,6,System Command Execution,System Command Execution
TypeScript::@modelcontextprotocol/sdk/server/index.js.startJob,TypeScript,@modelcontextprotocol/sdk/server/index.js.startJob,Cloud Infrastructure Management,1,1,Cloud Infrastructure Management,Cloud Infrastructure Management
TypeScript::@modelcontextprotocol/sdk/server/mcp.js.McpServer.connect,TypeScript,@modelcontextprotocol/sdk/server/mcp.js.McpServer.connect,System Command Execution,1,1,System Command Execution,System Command Execution
TypeScript::@modelcontextprotocol/sdk/server/mcp.js.McpServer.notification,TypeScript,@modelcontextprotocol/sdk/server/mcp.js.McpServer.notification,Specialized Domain Data Services,2,1,Specialized Domain Data Services,Specialized Domain Data Services
TypeScript::@modelcontextprotocol/sdk/server/mcp.js.McpServer.registerTool,TypeScript,@modelcontextprotocol/sdk/server/mcp.js.McpServer.registerTool,System Command Execution,1,2,System Command Execution,System Command Execution
TypeScript::@modelcontextprotocol/sdk/server/mcp.js.McpServer.server.request,TypeScript,@modelcontextprotocol/sdk/server/mcp.js.McpServer.server.request,AI and Machine Learning Services,2,1,AI and Machine Learning Services,AI and Machine Learning Services
TypeScript::@modelcontextprotocol/sdk/server/mcp.js.McpServer.tool,TypeScript,@modelcontextprotocol/sdk/server/mcp.js.McpServer.tool,Database Management,2,4,Database Management,Database Management
TypeScript::@modelcontextprotocol/sdk/server/mcp.js.isPluginConnected,TypeScript,@modelcontextprotocol/sdk/server/mcp.js.isPluginConnected,Specialized Domain Data Services,1,1,Specialized Domain Data Services,Specialized Domain Data Services
TypeScript::@modelcontextprotocol/sdk/server/mcp.js.sendCommandToPlugin,TypeScript,@modelcontextprotocol/sdk/server/mcp.js.sendCommandToPlugin,Specialized Domain Data Services,5,6,Specialized Domain Data Services,Specialized Domain Data Services
TypeScript::@modelcontextprotocol/sdk/server/stdio.js.StdioServerTransport.listen,TypeScript,@modelcontextprotocol/sdk/server/stdio.js.StdioServerTransport.listen,System Command Execution,3,3,System Command Execution,System Command Execution
TypeScript::@modelcontextprotocol/sdk/server/stdio.js.execAsync,TypeScript,@modelcontextprotocol/sdk/server/stdio.js.execAsync,System Command Execution,1,1,System Command Execution,System Command Execution
TypeScript::@modelcontextprotocol/sdk/server/stdio.js.removeTool,TypeScript,@modelcontextprotocol/sdk/server/stdio.js.removeTool,AI and Machine Learning Services,1,1,AI and Machine Learning Services,AI and Machine Learning Services
TypeScript::@modelcontextprotocol/sdk/shared/transport.js.connect,TypeScript,@modelcontextprotocol/sdk/shared/transport.js.connect,Database Management,2,1,Database Management,Database Management
TypeScript::@modelcontextprotocol/sdk/types.onClose,TypeScript,@modelcontextprotocol/sdk/types.onClose,System Command Execution,3,3,System Command Execution,System Command Execution
TypeScript::@mondaydotcomorg/api.ApiClient.request,TypeScript,@mondaydotcomorg/api.ApiClient.request,Project Management Services,1,1,Project Management Services,Project Management Services
TypeScript::@nut-tree-fork/nut-js.clipboard.getContent,TypeScript,@nut-tree-fork/nut-js.clipboard.getContent,System Command Execution,2,2,System Command Execution,System Command Execution
TypeScript::@openfort/openfort-node.players.create,TypeScript,@openfort/openfort-node.players.create,Financial and Blockchain Services,1,1,Blockchain and Cryptocurrency Services,Financial and Blockchain Services
TypeScript::@osaas/client-core.listSubscriptions,TypeScript,@osaas/client-core.listSubscriptions,Cloud Infrastructure Management,1,1,Cloud Infrastructure Management,Cloud Infrastructure Management
TypeScript::@paddle/paddle-node-sdk.createProduct,TypeScript,@paddle/paddle-node-sdk.createProduct,Project Management Services,1,1,Project Management Services,Project Management Services
TypeScript::@paddle/paddle-node-sdk.listPrices,TypeScript,@paddle/paddle-node-sdk.listPrices,Financial and Blockchain Services,1,1,Financial and Blockchain Services,Financial and Blockchain Services
TypeScript::@paddle/paddle-node-sdk.listTransactions,TypeScript,@paddle/paddle-node-sdk.listTransactions,Financial and Blockchain Services,1,1,Financial and Blockchain Services,Financial and Blockchain Services
TypeScript::@permaweb/aoconnect.message,TypeScript,@permaweb/aoconnect.message,Financial and Blockchain Services,1,2,Financial and Blockchain Services,Financial and Blockchain Services
TypeScript::@permaweb/aoconnect.result,TypeScript,@permaweb/aoconnect.result,Financial and Blockchain Services,1,2,Financial and Blockchain Services,Financial and Blockchain Services
TypeScript::@planetscale/database.Connection.execute,TypeScript,@planetscale/database.Connection.execute,Database Management,3,1,Database Management,Database Management
TypeScript::@prisma/client.PrismaClient.create,TypeScript,@prisma/client.PrismaClient.create,Database Management,1,1,Database Management,Database Management
TypeScript::@prisma/client.PrismaClient.upsert,TypeScript,@prisma/client.PrismaClient.upsert,Database Management,1,1,Database Management,Database Management
TypeScript::@qdrant/js-client-rest.QdrantClient.createCollection,TypeScript,@qdrant/js-client-rest.QdrantClient.createCollection,Database Management,3,2,Database Management,Database Management
TypeScript::@qdrant/js-client-rest.QdrantClient.getCollections,TypeScript,@qdrant/js-client-rest.QdrantClient.getCollections,Database Management,3,2,Database Management,Database Management
TypeScript::@qdrant/js-client-rest.QdrantClient.upsert,TypeScript,@qdrant/js-client-rest.QdrantClient.upsert,Database Management,2,2,Database Management,Database Management
TypeScript::@recallnet/sdk/client.RecallClient.accountManager,TypeScript,@recallnet/sdk/client.RecallClient.accountManager,Financial and Blockchain Services,1,1,Cloud Infrastructure Management,Financial and Blockchain Services
TypeScript::@recallnet/sdk/client.RecallClient.accountManager.info,TypeScript,@recallnet/sdk/client.RecallClient.accountManager.info,Financial and Blockchain Services,1,1,Cloud Infrastructure Management,Financial and Blockchain Services
TypeScript::@supabase/supabase-js.query,TypeScript,@supabase/supabase-js.query,Database Management,6,6,Database Management,Database Management
TypeScript::@supabase/supabase-js.release,TypeScript,@supabase/supabase-js.release,Database Management,6,6,Database Management,Database Management
TypeScript::@supabase/supabase-js.storage.from,TypeScript,@supabase/supabase-js.storage.from,Cloud Infrastructure Management,1,1,Cloud Infrastructure Management,Cloud Infrastructure Management
TypeScript::@supabase/supabase-js.storage.from.upload,TypeScript,@supabase/supabase-js.storage.from.upload,Cloud Infrastructure Management,2,2,Cloud Infrastructure Management,Cloud Infrastructure Management
TypeScript::@zilliz/claude-context-core.Context.getVectorDatabase,TypeScript,@zilliz/claude-context-core.Context.getVectorDatabase,Database Management,1,1,Database Management,Database Management
TypeScript::@zilliz/claude-context-core.add,TypeScript,@zilliz/claude-context-core.add,Database Management,1,1,Database Management,Database Management
TypeScript::@zilliz/claude-context-core.listCollections,TypeScript,@zilliz/claude-context-core.listCollections,Database Management,1,1,Database Management,Database Management
TypeScript::@zilliz/claude-context-core.vectorDb.query,TypeScript,@zilliz/claude-context-core.vectorDb.query,Database Management,1,1,Database Management,Database Management
TypeScript::@zilliz/milvus2-sdk-node.MilvusClient.getLoadState,TypeScript,@zilliz/milvus2-sdk-node.MilvusClient.getLoadState,Database Management,1,1,Database Management,Database Management
TypeScript::@zilliz/milvus2-sdk-node.MilvusClient.hasCollection,TypeScript,@zilliz/milvus2-sdk-node.MilvusClient.hasCollection,Database Management,1,1,Database Management,Database Management
TypeScript::@zilliz/milvus2-sdk-node.MilvusClient.loadCollection,TypeScript,@zilliz/milvus2-sdk-node.MilvusClient.loadCollection,Database Management,1,1,Database Management,Database Management
TypeScript::API_ENDPOINTS.APPS.PROMOTE,TypeScript,API_ENDPOINTS.APPS.PROMOTE,Project Management Services,1,1,Project Management Services,Project Management Services
TypeScript::API_ENDPOINTS.APP_FEATURES.CREATE,TypeScript,API_ENDPOINTS.APP_FEATURES.CREATE,Specialized Domain Data Services,1,1,Specialized Domain Data Services,Specialized Domain Data Services
TypeScript::API_ENDPOINTS.APP_FEATURES.GET_ALL,TypeScript,API_ENDPOINTS.APP_FEATURES.GET_ALL,Project Management Services,1,1,Project Management Services,Project Management Services
TypeScript::API_ENDPOINTS.CODE.GET_DEPLOYMENT_STATUS,TypeScript,API_ENDPOINTS.CODE.GET_DEPLOYMENT_STATUS,Specialized Domain Data Services,1,1,Specialized Domain Data Services,Specialized Domain Data Services
TypeScript::API_ENDPOINTS.CODE.GET_ENV_KEYS,TypeScript,API_ENDPOINTS.CODE.GET_ENV_KEYS,Project Management Services,1,1,Project Management Services,Project Management Services
TypeScript::API_ENDPOINTS.CODE.MANAGE_ENV,TypeScript,API_ENDPOINTS.CODE.MANAGE_ENV,Specialized Domain Data Services,1,1,Specialized Domain Data Services,Specialized Domain Data Services
TypeScript::API_ENDPOINTS.STORAGE.EXPORT_DATA,TypeScript,API_ENDPOINTS.STORAGE.EXPORT_DATA,Specialized Domain Data Services,1,1,Specialized Domain Data Services,Specialized Domain Data Services
TypeScript::Api.v1.machineResumeUpdate,TypeScript,Api.v1.machineResumeUpdate,Cloud Infrastructure Management,1,1,Cloud Infrastructure Management,Cloud Infrastructure Management
TypeScript::Api.v1.runnersRunPrgCreate,TypeScript,Api.v1.runnersRunPrgCreate,System Command Execution,3,2,System Command Execution,System Command Execution
TypeScript::BaseApiClient.get,TypeScript,BaseApiClient.get,System Command Execution,2,3,System Command Execution,System Command Execution
TypeScript::BaseMondayApiTool.request,TypeScript,BaseMondayApiTool.request,Project Management Services,1,1,Project Management Services,Project Management Services
TypeScript::BigQuery,TypeScript,BigQuery,Database Management,2,1,Database Management,Database Management
TypeScript::BrowserContext.addCookies,TypeScript,BrowserContext.addCookies,Browser Automation and Web Interaction,1,1,Browser Automation and Web Interaction,Browser Automation and Web Interaction
TypeScript::C64Facade.readMemory,TypeScript,C64Facade.readMemory,System Command Execution,1,1,System Command Execution,System Command Execution
TypeScript::Client.connect,TypeScript,Client.connect,AI and Machine Learning Services,1,1,AI and Machine Learning Services,AI and Machine Learning Services
TypeScript::Config.getInstance,TypeScript,Config.getInstance,File System Operations,1,1,File System Operations,File System Operations
TypeScript::Config.getInstance.get,TypeScript,Config.getInstance.get,System Command Execution,1,1,System Command Execution,System Command Execution
TypeScript::Console.enable,TypeScript,Console.enable,Browser Automation and Web Interaction,2,2,Browser Automation and Web Interaction,Browser Automation and Web Interaction
TypeScript::CreateHITCommand,TypeScript,CreateHITCommand,Cloud Infrastructure Management,1,1,Cloud Infrastructure Management,Cloud Infrastructure Management
TypeScript::DatabaseConnection.connect,TypeScript,DatabaseConnection.connect,Database Management,3,1,Database Management,Database Management
TypeScript::DatabaseConnection.disconnect,TypeScript,DatabaseConnection.disconnect,Database Management,3,1,Database Management,Database Management
TypeScript::DatabaseConnection.getActiveQueries,TypeScript,DatabaseConnection.getActiveQueries,Database Management,1,1,Database Management,Database Management
TypeScript::DatabaseConnection.getDatabaseMetrics,TypeScript,DatabaseConnection.getDatabaseMetrics,Database Management,1,1,Database Management,Database Management
TypeScript::DatabaseConnection.getInstance,TypeScript,DatabaseConnection.getInstance,Database Management,3,1,Database Management,Database Management
TypeScript::DatabaseConnection.getLockInfo,TypeScript,DatabaseConnection.getLockInfo,Database Management,1,1,Database Management,Database Management
TypeScript::DatabaseConnection.getReplicationInfo,TypeScript,DatabaseConnection.getReplicationInfo,Database Management,1,1,Database Management,Database Management
TypeScript::DatabaseConnection.getTableMetrics,TypeScript,DatabaseConnection.getTableMetrics,Database Management,1,1,Database Management,Database Management
TypeScript::DatabaseConnection.query,TypeScript,DatabaseConnection.query,Database Management,3,1,Database Management,Database Management
TypeScript::Debugger.enable,TypeScript,Debugger.enable,Browser Automation and Web Interaction,1,4,Browser Automation and Web Interaction,Browser Automation and Web Interaction
TypeScript::Debugger.getScriptSource,TypeScript,Debugger.getScriptSource,Database Management,1,1,Database Management,Database Management
TypeScript::Diff.applyPatch,TypeScript,Diff.applyPatch,System Command Execution,1,1,System Command Execution,System Command Execution
TypeScript::FirecrawlApp.searchWithFirecrawl,TypeScript,FirecrawlApp.searchWithFirecrawl,Database Management,1,7,Database Management,Database Management
TypeScript::FormQuestionsEditorToolHelpers.handler,TypeScript,FormQuestionsEditorToolHelpers.handler,Project Management Services,1,1,Project Management Services,Project Management Services
TypeScript::GitHub API,TypeScript,GitHub API,Project Management Services,2,2,Specialized Domain Data Services,Project Management Services
TypeScript::INPUT_TEXT,TypeScript,INPUT_TEXT,Database Management,1,1,Database Management,Database Management
TypeScript::LibraryApiClient.getDetailedSubjectCodes,TypeScript,LibraryApiClient.getDetailedSubjectCodes,System Command Execution,1,1,System Command Execution,System Command Execution
TypeScript::LinearClient,TypeScript,LinearClient,Project Management Services,1,1,Project Management Services,Project Management Services
TypeScript::McpServer.sendCommandToPlugin,TypeScript,McpServer.sendCommandToPlugin,Specialized Domain Data Services,1,2,Specialized Domain Data Services,Specialized Domain Data Services
TypeScript::MongoClient.db,TypeScript,MongoClient.db,Database Management,1,5,Database Management,Database Management
TypeScript::OPNSenseAPIClient.getFirewallSettings,TypeScript,OPNSenseAPIClient.getFirewallSettings,Cloud Infrastructure Management,1,1,Cloud Infrastructure Management,Cloud Infrastructure Management
TypeScript::Paddle.prices.list,TypeScript,Paddle.prices.list,Financial and Blockchain Services,1,1,Financial and Blockchain Services,Financial and Blockchain Services
TypeScript::Page.waitForSelector,TypeScript,Page.waitForSelector,Browser Automation and Web Interaction,1,1,Browser Automation and Web Interaction,Browser Automation and Web Interaction
TypeScript::PocketBase.collection,TypeScript,PocketBase.collection,Database Management,1,12,Database Management,Database Management
TypeScript::PocketBase.collection.getFirstListItem,TypeScript,PocketBase.collection.getFirstListItem,Database Management,1,5,Database Management,Database Management
TypeScript::ProjectApi.getDefaultBranch2,TypeScript,ProjectApi.getDefaultBranch2,System Command Execution,1,1,System Command Execution,System Command Execution
TypeScript::RedisClient.get,TypeScript,RedisClient.get,Database Management,2,1,Database Management,Database Management
TypeScript::Runtime.evaluate,TypeScript,Runtime.evaluate,Browser Automation and Web Interaction,1,1,Browser Automation and Web Interaction,Browser Automation and Web Interaction
TypeScript::Runtime.runIfWaitingForDebugger,TypeScript,Runtime.runIfWaitingForDebugger,Database Management,3,5,Database Management,Database Management
TypeScript::STRIPE_SECRET_KEY,TypeScript,STRIPE_SECRET_KEY,Financial and Blockchain Services,3,3,Payment Processing,Financial and Blockchain Services
TypeScript::Server.executeQuery,TypeScript,Server.executeQuery,Database Management,1,5,Database Management,Database Management
TypeScript::Server.getSystemInfo,TypeScript,Server.getSystemInfo,System Command Execution,1,1,System Command Execution,System Command Execution
TypeScript::SfMcpServer.sendToolListChanged,TypeScript,SfMcpServer.sendToolListChanged,File System Operations,1,1,File System Operations,File System Operations
TypeScript::SystemSettingsResource.enable_system_intervlan_routing,TypeScript,SystemSettingsResource.enable_system_intervlan_routing,Cloud Infrastructure Management,1,1,Cloud Infrastructure Management,Cloud Infrastructure Management
TypeScript::Tool.execute,TypeScript,Tool.execute,System Command Execution,1,2,System Command Execution,System Command Execution
TypeScript::TopicCreateTransaction,TypeScript,TopicCreateTransaction,Financial and Blockchain Services,5,4,Financial and Blockchain Services,Financial and Blockchain Services
TypeScript::TopicMessageSubmitTransaction,TypeScript,TopicMessageSubmitTransaction,Financial and Blockchain Services,5,4,Financial and Blockchain Services,Financial and Blockchain Services
TypeScript::TraceRecorder.execution,TypeScript,TraceRecorder.execution,System Command Execution,2,2,System Command Execution,System Command Execution
TypeScript::WebApi.postTeamIteration,TypeScript,WebApi.postTeamIteration,Project Management Services,1,1,Project Management Services,Project Management Services
TypeScript::WordPressClient.get,TypeScript,WordPressClient.get,Project Management Services,1,1,Project Management Services,Project Management Services
TypeScript::YAML.load,TypeScript,YAML.load,System Command Execution,1,1,System Command Execution,System Command Execution
TypeScript::YankiConnect.getClient,TypeScript,YankiConnect.getClient,Specialized Domain Data Services,2,1,Specialized Domain Data Services,Specialized Domain Data Services
TypeScript::accessSync,TypeScript,accessSync,File System Operations,7,5,File System Operations,File System Operations
TypeScript::adb.adb,TypeScript,adb.adb,System Command Execution,1,1,System Command Execution,System Command Execution
TypeScript::adb.shell,TypeScript,adb.shell,File System Operations,1,1,File System Operations,File System Operations
TypeScript::addDocuments,TypeScript,addDocuments,Project Management Services,1,1,Project Management Services,Project Management Services
TypeScript::addFile,TypeScript,addFile,AI and Machine Learning Services,1,1,AI and Machine Learning Services,AI and Machine Learning Services
TypeScript::addIndex,TypeScript,addIndex,Database Management,1,1,Database Management,Database Management
TypeScript::addInitScript,TypeScript,addInitScript,Browser Automation and Web Interaction,1,1,Browser Automation and Web Interaction,Browser Automation and Web Interaction
TypeScript::adm-zip.addFile,TypeScript,adm-zip.addFile,Cloud Infrastructure Management,1,1,Cloud Infrastructure Management,Cloud Infrastructure Management
TypeScript::aegis-client.report,TypeScript,aegis-client.report,Specialized Domain Data Services,11,12,Specialized Domain Data Services,Specialized Domain Data Services
TypeScript::aegisClient.report,TypeScript,aegisClient.report,Specialized Domain Data Services,4,4,Specialized Domain Data Services,Specialized Domain Data Services
TypeScript::ai.files.delete,TypeScript,ai.files.delete,Cloud Infrastructure Management,1,1,Cloud Infrastructure Management,Cloud Infrastructure Management
TypeScript::ai.files.list,TypeScript,ai.files.list,Cloud Infrastructure Management,1,1,Cloud Infrastructure Management,Cloud Infrastructure Management
TypeScript::anthropic,TypeScript,anthropic,AI and Machine Learning Services,1,2,AI and Machine Learning Services,AI and Machine Learning Services
TypeScript::apiClient.get,TypeScript,apiClient.get,Specialized Domain Data Services,1,3,Specialized Domain Data Services,Specialized Domain Data Services
TypeScript::apiClient.post,TypeScript,apiClient.post,Specialized Domain Data Services,2,4,Specialized Domain Data Services,Specialized Domain Data Services
TypeScript::appendLine,TypeScript,appendLine,Database Management,3,1,Database Management,Database Management
TypeScript::attach,TypeScript,attach,System Command Execution,15,13,System Command Execution,System Command Execution
TypeScript::audit.search,TypeScript,audit.search,System Command Execution,1,1,System Command Execution,System Command Execution
TypeScript::autoCancellation,TypeScript,autoCancellation,Database Management,3,3,Database Management,Database Management
TypeScript::autoIt.controlFocus,TypeScript,autoIt.controlFocus,System Command Execution,1,1,System Command Execution,System Command Execution
TypeScript::autoIt.controlGetPos,TypeScript,autoIt.controlGetPos,System Command Execution,1,1,System Command Execution,System Command Execution
TypeScript::autoIt.controlSetText,TypeScript,autoIt.controlSetText,System Command Execution,1,1,System Command Execution,System Command Execution
TypeScript::autoIt.init,TypeScript,autoIt.init,System Command Execution,16,18,System Command Execution,System Command Execution
TypeScript::autoIt.mouseDown,TypeScript,autoIt.mouseDown,System Command Execution,1,1,System Command Execution,System Command Execution
TypeScript::autoIt.processExists,TypeScript,autoIt.processExists,System Command Execution,1,1,System Command Execution,System Command Execution
TypeScript::autoIt.processWait,TypeScript,autoIt.processWait,System Command Execution,1,1,System Command Execution,System Command Execution
TypeScript::autoIt.toolTip,TypeScript,autoIt.toolTip,System Command Execution,1,1,System Command Execution,System Command Execution
TypeScript::autoIt.winActive,TypeScript,autoIt.winActive,System Command Execution,1,1,System Command Execution,System Command Execution
TypeScript::autoIt.winGetTitle,TypeScript,autoIt.winGetTitle,System Command Execution,1,1,System Command Execution,System Command Execution
TypeScript::autoItSetOption,TypeScript,autoItSetOption,System Command Execution,1,1,System Command Execution,System Command Execution
TypeScript::axios.AxiosError,TypeScript,axios.AxiosError,Specialized Domain Data Services,2,2,Specialized Domain Data Services,Specialized Domain Data Services
TypeScript::axios.AxiosInstance.get,TypeScript,axios.AxiosInstance.get,Specialized Domain Data Services,3,1,Specialized Domain Data Services,Specialized Domain Data Services
TypeScript::axios.AxiosInstance.post,TypeScript,axios.AxiosInstance.post,Specialized Domain Data Services,10,5,Specialized Domain Data Services,Specialized Domain Data Services
TypeScript::axios.axios,TypeScript,axios.axios,Specialized Domain Data Services,24,15,Specialized Domain Data Services,Specialized Domain Data Services
TypeScript::axios.client,TypeScript,axios.client,Specialized Domain Data Services,1,2,Specialized Domain Data Services,Specialized Domain Data Services
TypeScript::axios.default.get,TypeScript,axios.default.get,Specialized Domain Data Services,1,1,Specialized Domain Data Services,Specialized Domain Data Services
TypeScript::axios.delete,TypeScript,axios.delete,Specialized Domain Data Services,5,7,Specialized Domain Data Services,Specialized Domain Data Services
TypeScript::axios.get,TypeScript,axios.get,Specialized Domain Data Services,77,42,Specialized Domain Data Services,Specialized Domain Data Services
TypeScript::axios.patch,TypeScript,axios.patch,Specialized Domain Data Services,2,2,Specialized Domain Data Services,Specialized Domain Data Services
TypeScript::axios.post,TypeScript,axios.post,Specialized Domain Data Services,93,27,Specialized Domain Data Services,Specialized Domain Data Services
TypeScript::axios.put,TypeScript,axios.put,Specialized Domain Data Services,61,1,Specialized Domain Data Services,Specialized Domain Data Services
TypeScript::axios.request,TypeScript,axios.request,Specialized Domain Data Services,6,7,Specialized Domain Data Services,Specialized Domain Data Services
TypeScript::azure-devops-node-api.WebApi,TypeScript,azure-devops-node-api.WebApi,Cloud Infrastructure Management,1,2,Project Management Services,Cloud Infrastructure Management
TypeScript::azure-devops-node-api.WebApi.getWorkApi,TypeScript,azure-devops-node-api.WebApi.getWorkApi,File System Operations,1,1,File System Operations,File System Operations
TypeScript::better-sqlite3.Database.deleteDocuments,TypeScript,better-sqlite3.Database.deleteDocuments,Database Management,2,1,Database Management,Database Management
TypeScript::better-sqlite3.Database.get,TypeScript,better-sqlite3.Database.get,Database Management,3,3,Database Management,Database Management
TypeScript::better-sqlite3.Database.prepare,TypeScript,better-sqlite3.Database.prepare,Database Management,2,4,Database Management,Database Management
TypeScript::better-sqlite3.Database.run,TypeScript,better-sqlite3.Database.run,Database Management,3,1,Database Management,Database Management
TypeScript::boardsById.get,TypeScript,boardsById.get,Project Management Services,1,1,Project Management Services,Project Management Services
TypeScript::brian.transact,TypeScript,brian.transact,Financial and Blockchain Services,1,1,Financial and Blockchain Services,Financial and Blockchain Services
TypeScript::browser.contexts(),TypeScript,browser.contexts(),Browser Automation and Web Interaction,7,2,Browser Automation and Web Interaction,Browser Automation and Web Interaction
TypeScript::browser.newContext(),TypeScript,browser.newContext(),Browser Automation and Web Interaction,6,3,Browser Automation and Web Interaction,Browser Automation and Web Interaction
TypeScript::browser.newPage,TypeScript,browser.newPage,Browser Automation and Web Interaction,4,2,Browser Automation and Web Interaction,Browser Automation and Web Interaction
TypeScript::browser.pages,TypeScript,browser.pages,Browser Automation and Web Interaction,4,4,Browser Automation and Web Interaction,Browser Automation and Web Interaction
TypeScript::browser.process(),TypeScript,browser.process(),System Command Execution,2,2,System Command Execution,System Command Execution
TypeScript::buildGitHubArchiveUrl,TypeScript,buildGitHubArchiveUrl,Project Management Services,1,1,Specialized Domain Data Services,Project Management Services
TypeScript::calendar.freebusy.query,TypeScript,calendar.freebusy.query,File System Operations,1,1,File System Operations,File System Operations
TypeScript::callKicadScript,TypeScript,callKicadScript,System Command Execution,41,47,System Command Execution,System Command Execution
TypeScript::capture,TypeScript,capture,System Command Execution,16,20,System Command Execution,System Command Execution
TypeScript::cdpSession.on,TypeScript,cdpSession.on,Browser Automation and Web Interaction,2,2,Browser Automation and Web Interaction,Browser Automation and Web Interaction
TypeScript::checkGlobalPackage,TypeScript,checkGlobalPackage,System Command Execution,1,1,System Command Execution,System Command Execution
TypeScript::child_process.execFile,TypeScript,child_process.execFile,System Command Execution,26,33,System Command Execution,System Command Execution
TypeScript::child_process.execSync,TypeScript,child_process.execSync,System Command Execution,175,167,System Command Execution,System Command Execution
TypeScript::child_process.kill,TypeScript,child_process.kill,System Command Execution,3,2,System Command Execution,System Command Execution
TypeScript::child_process.spawn,TypeScript,child_process.spawn,System Command Execution,133,123,System Command Execution,System Command Execution
TypeScript::child_process.spawn.unref,TypeScript,child_process.spawn.unref,System Command Execution,1,1,AI and Machine Learning Services,System Command Execution
TypeScript::child_process.spawnSync,TypeScript,child_process.spawnSync,System Command Execution,4,4,Database Management,System Command Execution
TypeScript::child_process.unref,TypeScript,child_process.unref,System Command Execution,3,2,System Command Execution,System Command Execution
TypeScript::chmodSync,TypeScript,chmodSync,Specialized Domain Data Services,2,2,File System Operations,Specialized Domain Data Services
TypeScript::chrome-launcher.kill,TypeScript,chrome-launcher.kill,Specialized Domain Data Services,7,2,Specialized Domain Data Services,Specialized Domain Data Services
TypeScript::chromeLauncher.launch,TypeScript,chromeLauncher.launch,Specialized Domain Data Services,7,2,Specialized Domain Data Services,Specialized Domain Data Services
TypeScript::chromium.launch,TypeScript,chromium.launch,Browser Automation and Web Interaction,8,13,Browser Automation and Web Interaction,Browser Automation and Web Interaction
TypeScript::chromium.newPage,TypeScript,chromium.newPage,Browser Automation and Web Interaction,1,2,Browser Automation and Web Interaction,Browser Automation and Web Interaction
TypeScript::clean,TypeScript,clean,System Command Execution,4,4,System Command Execution,System Command Execution
TypeScript::client.card.answerCards,TypeScript,client.card.answerCards,Specialized Domain Data Services,1,1,Specialized Domain Data Services,Specialized Domain Data Services
TypeScript::client.executeScriptJson,TypeScript,client.executeScriptJson,System Command Execution,1,1,System Command Execution,System Command Execution
TypeScript::client.post,TypeScript,client.post,Financial and Blockchain Services,2,3,Financial and Blockchain Services,Financial and Blockchain Services
TypeScript::client.query,TypeScript,client.query,Database Management,2,2,Database Management,Database Management
TypeScript::client.read,TypeScript,client.read,System Command Execution,2,1,System Command Execution,System Command Execution
TypeScript::client.release,TypeScript,client.release,Specialized Domain Data Services,2,1,Database Management,Specialized Domain Data Services
TypeScript::client.send,TypeScript,client.send,System Command Execution,2,2,System Command Execution,System Command Execution
TypeScript::client.subscriptions.entities.add,TypeScript,client.subscriptions.entities.add,System Command Execution,1,1,System Command Execution,System Command Execution
TypeScript::clipGet,TypeScript,clipGet,System Command Execution,1,1,System Command Execution,System Command Execution
TypeScript::clipPut,TypeScript,clipPut,System Command Execution,1,1,System Command Execution,System Command Execution
TypeScript::collections.getList,TypeScript,collections.getList,Database Management,2,4,Database Management,Database Management
TypeScript::command,TypeScript,command,System Command Execution,10,24,System Command Execution,System Command Execution
TypeScript::common.utils.githubRequest,TypeScript,common.utils.githubRequest,Project Management Services,3,12,Project Management Services,Project Management Services
TypeScript::config.executeToolCall,TypeScript,config.executeToolCall,AI and Machine Learning Services,11,19,AI and Machine Learning Services,AI and Machine Learning Services
TypeScript::connection.close,TypeScript,connection.close,Database Management,4,1,Database Management,Database Management
TypeScript::contents,TypeScript,contents,Browser Automation and Web Interaction,1,2,Browser Automation and Web Interaction,Browser Automation and Web Interaction
TypeScript::controlClick,TypeScript,controlClick,System Command Execution,1,1,System Command Execution,System Command Execution
TypeScript::controlGetText,TypeScript,controlGetText,System Command Execution,1,1,System Command Execution,System Command Execution
TypeScript::controlMove,TypeScript,controlMove,System Command Execution,1,1,System Command Execution,System Command Execution
TypeScript::controlShow,TypeScript,controlShow,System Command Execution,1,1,System Command Execution,System Command Execution
TypeScript::copyFileSync,TypeScript,copyFileSync,File System Operations,10,2,File System Operations,File System Operations
TypeScript::couch.db.get,TypeScript,couch.db.get,Database Management,4,1,Database Management,Database Management
TypeScript::couchbase.Cluster.query,TypeScript,couchbase.Cluster.query,Database Management,2,1,Database Management,Database Management
TypeScript::couchbase.collection,TypeScript,couchbase.collection,AI and Machine Learning Services,1,2,Database Management,AI and Machine Learning Services
TypeScript::couchbase.connect,TypeScript,couchbase.connect,Database Management,1,2,Database Management,Database Management
TypeScript::createApexClassMetadata,TypeScript,createApexClassMetadata,Identity and Access Management,1,1,Identity and Access Management,Identity and Access Management
TypeScript::createBufferSource,TypeScript,createBufferSource,Browser Automation and Web Interaction,1,1,Browser Automation and Web Interaction,Browser Automation and Web Interaction
TypeScript::createCDPSession,TypeScript,createCDPSession,Browser Automation and Web Interaction,3,2,Browser Automation and Web Interaction,Browser Automation and Web Interaction
TypeScript::createContainer,TypeScript,createContainer,Cloud Infrastructure Management,1,1,Cloud Infrastructure Management,Cloud Infrastructure Management
TypeScript::createGoogleGenerativeAI,TypeScript,createGoogleGenerativeAI,AI and Machine Learning Services,1,2,AI and Machine Learning Services,AI and Machine Learning Services
TypeScript::createLanguage,TypeScript,createLanguage,AI and Machine Learning Services,1,1,Specialized Domain Data Services,AI and Machine Learning Services
TypeScript::createMondayApiAnnotations.createBoardInfo,TypeScript,createMondayApiAnnotations.createBoardInfo,Project Management Services,1,1,Project Management Services,Project Management Services
TypeScript::createPrice,TypeScript,createPrice,Financial and Blockchain Services,1,1,Financial and Blockchain Services,Financial and Blockchain Services
TypeScript::createQueryJob,TypeScript,createQueryJob,Database Management,2,1,Database Management,Database Management
TypeScript::createServer,TypeScript,createServer,System Command Execution,4,3,System Command Execution,System Command Execution
TypeScript::createSupabaseClient,TypeScript,createSupabaseClient,Cloud Infrastructure Management,1,1,Cloud Infrastructure Management,Cloud Infrastructure Management
TypeScript::createTag,TypeScript,createTag,Specialized Domain Data Services,1,1,Specialized Domain Data Services,Specialized Domain Data Services
TypeScript::createTranslationKeyBulk,TypeScript,createTranslationKeyBulk,Specialized Domain Data Services,1,1,Specialized Domain Data Services,Specialized Domain Data Services
TypeScript::createYuqueService,TypeScript,createYuqueService,Project Management Services,8,9,Project Management Services,Project Management Services
TypeScript::create_intervlan_rules,TypeScript,create_intervlan_rules,Cloud Infrastructure Management,1,1,Cloud Infrastructure Management,Cloud Infrastructure Management
TypeScript::date-fns.addDays,TypeScript,date-fns.addDays,File System Operations,5,2,File System Operations,File System Operations
TypeScript::db.insert,TypeScript,db.insert,Database Management,1,3,Database Management,Database Management
TypeScript::db.update,TypeScript,db.update,Database Management,1,5,Database Management,Database Management
TypeScript::dbAll,TypeScript,dbAll,Database Management,11,4,Database Management,Database Management
TypeScript::dbClient.execute,TypeScript,dbClient.execute,Database Management,2,1,Database Management,Database Management
TypeScript::dbQueries.searchCodeEntitiesFts,TypeScript,dbQueries.searchCodeEntitiesFts,Database Management,1,1,Database Management,Database Management
TypeScript::decipher.update,TypeScript,decipher.update,System Command Execution,2,9,System Command Execution,System Command Execution
TypeScript::demuxStream,TypeScript,demuxStream,System Command Execution,2,2,System Command Execution,System Command Execution
TypeScript::dgram.Socket.send,TypeScript,dgram.Socket.send,Specialized Domain Data Services,1,1,Financial and Blockchain Services,Specialized Domain Data Services
TypeScript::dockerode.Container.exec,TypeScript,dockerode.Container.exec,System Command Execution,1,1,System Command Execution,System Command Execution
TypeScript::dockerode.container.exec,TypeScript,dockerode.container.exec,System Command Execution,1,1,System Command Execution,System Command Execution
TypeScript::docs,TypeScript,docs,Project Management Services,5,1,Project Management Services,Project Management Services
TypeScript::drizzle-orm.findMany,TypeScript,drizzle-orm.findMany,Database Management,1,1,Database Management,Database Management
TypeScript::drizzle-orm.sql,TypeScript,drizzle-orm.sql,Database Management,1,1,Database Management,Database Management
TypeScript::drizzle-orm/node-postgres.execute,TypeScript,drizzle-orm/node-postgres.execute,Database Management,1,1,Database Management,Database Management
TypeScript::drizzle-orm/node-postgres.select,TypeScript,drizzle-orm/node-postgres.select,Database Management,2,1,Database Management,Database Management
TypeScript::drizzle-orm/node-postgres.update,TypeScript,drizzle-orm/node-postgres.update,Database Management,1,1,Database Management,Database Management
TypeScript::edgedb.Client.query,TypeScript,edgedb.Client.query,Database Management,1,1,Database Management,Database Management
TypeScript::edgedb.getClient.getCurrentDatabase,TypeScript,edgedb.getClient.getCurrentDatabase,Database Management,1,1,Database Management,Database Management
TypeScript::edgedb.query,TypeScript,edgedb.query,Database Management,3,3,Database Management,Database Management
TypeScript::edgedb.querySingle,TypeScript,edgedb.querySingle,Database Management,1,1,Database Management,Database Management
TypeScript::editors.get,TypeScript,editors.get,Browser Automation and Web Interaction,15,25,Browser Automation and Web Interaction,Browser Automation and Web Interaction
TypeScript::embedContent,TypeScript,embedContent,AI and Machine Learning Services,1,1,AI and Machine Learning Services,AI and Machine Learning Services
TypeScript::embedMany,TypeScript,embedMany,AI and Machine Learning Services,2,2,AI and Machine Learning Services,AI and Machine Learning Services
TypeScript::enable_intervlan_routing_on_interface,TypeScript,enable_intervlan_routing_on_interface,Cloud Infrastructure Management,1,1,Cloud Infrastructure Management,Cloud Infrastructure Management
TypeScript::ensureDirSync,TypeScript,ensureDirSync,File System Operations,1,1,File System Operations,File System Operations
TypeScript::entry.isFile,TypeScript,entry.isFile,File System Operations,11,6,File System Operations,File System Operations
TypeScript::env.AI.run,TypeScript,env.AI.run,AI and Machine Learning Services,1,1,AI and Machine Learning Services,AI and Machine Learning Services
TypeScript::env.DB.prepare,TypeScript,env.DB.prepare,Database Management,1,1,AI and Machine Learning Services,Database Management
TypeScript::escapeShellArg,TypeScript,escapeShellArg,System Command Execution,17,13,System Command Execution,System Command Execution
TypeScript::establishConnection,TypeScript,establishConnection,System Command Execution,1,2,System Command Execution,System Command Execution
TypeScript::execAsync,TypeScript,execAsync,System Command Execution,20,19,System Command Execution,System Command Execution
TypeScript::execFilePromise,TypeScript,execFilePromise,System Command Execution,2,2,System Command Execution,System Command Execution
TypeScript::execFileSync,TypeScript,execFileSync,System Command Execution,6,7,System Command Execution,System Command Execution
TypeScript::execPromise,TypeScript,execPromise,System Command Execution,1,1,System Command Execution,System Command Execution
TypeScript::executeDockerCommand,TypeScript,executeDockerCommand,System Command Execution,1,1,System Command Execution,System Command Execution
TypeScript::executeNetlifyCommand,TypeScript,executeNetlifyCommand,Cloud Infrastructure Management,1,15,Cloud Infrastructure Management,Cloud Infrastructure Management
TypeScript::executeSqlViaRpc,TypeScript,executeSqlViaRpc,Database Management,5,4,Database Management,Database Management
TypeScript::executor,TypeScript,executor,Project Management Services,1,1,Project Management Services,Project Management Services
TypeScript::exit,TypeScript,exit,System Command Execution,2,3,System Command Execution,System Command Execution
TypeScript::export,TypeScript,export,Database Management,2,2,Database Management,Database Management
TypeScript::fetcher,TypeScript,fetcher,System Command Execution,2,3,System Command Execution,System Command Execution
TypeScript::figma-js.file,TypeScript,figma-js.file,System Command Execution,1,1,System Command Execution,System Command Execution
TypeScript::file-system.findFiles,TypeScript,file-system.findFiles,File System Operations,1,4,File System Operations,File System Operations
TypeScript::files.get,TypeScript,files.get,Browser Automation and Web Interaction,15,25,Browser Automation and Web Interaction,Browser Automation and Web Interaction
TypeScript::fillTemplate,TypeScript,fillTemplate,Database Management,1,1,Database Management,Database Management
TypeScript::final,TypeScript,final,System Command Execution,7,18,System Command Execution,System Command Execution
TypeScript::finalize,TypeScript,finalize,Database Management,1,5,Database Management,Database Management
TypeScript::findAvailablePort,TypeScript,findAvailablePort,System Command Execution,1,1,System Command Execution,System Command Execution
TypeScript::forTestnet,TypeScript,forTestnet,Financial and Blockchain Services,5,4,Financial and Blockchain Services,Financial and Blockchain Services
TypeScript::fs-extra.ensureDir,TypeScript,fs-extra.ensureDir,File System Operations,1,13,File System Operations,File System Operations
TypeScript::fs.Stats.isDirectory,TypeScript,fs.Stats.isDirectory,File System Operations,40,35,File System Operations,File System Operations
TypeScript::fs.accessSync,TypeScript,fs.accessSync,File System Operations,2,8,File System Operations,File System Operations
TypeScript::fs.copyFile,TypeScript,fs.copyFile,File System Operations,31,22,File System Operations,File System Operations
TypeScript::fs.createWriteStream,TypeScript,fs.createWriteStream,File System Operations,4,3,File System Operations,File System Operations
TypeScript::fs.ensureDir,TypeScript,fs.ensureDir,File System Operations,1,2,File System Operations,File System Operations
TypeScript::fs.mkdtempSync,TypeScript,fs.mkdtempSync,File System Operations,1,1,File System Operations,File System Operations
TypeScript::fs.read,TypeScript,fs.read,File System Operations,26,14,File System Operations,File System Operations
TypeScript::fs.readFile,TypeScript,fs.readFile,File System Operations,231,244,File System Operations,File System Operations
TypeScript::fs.readdir,TypeScript,fs.readdir,File System Operations,88,55,File System Operations,File System Operations
TypeScript::fs.readdirSync,TypeScript,fs.readdirSync,File System Operations,27,44,File System Operations,File System Operations
TypeScript::fs.realpath,TypeScript,fs.realpath,File System Operations,36,17,File System Operations,File System Operations
TypeScript::fs.remove,TypeScript,fs.remove,File System Operations,4,1,Specialized Domain Data Services,File System Operations
TypeScript::fs.rm,TypeScript,fs.rm,File System Operations,7,2,File System Operations,File System Operations
TypeScript::fs.unlink,TypeScript,fs.unlink,File System Operations,46,33,File System Operations,File System Operations
TypeScript::fs.write,TypeScript,fs.write,File System Operations,36,45,File System Operations,File System Operations
TypeScript::fs.writeFile,TypeScript,fs.writeFile,File System Operations,258,249,File System Operations,File System Operations
TypeScript::fs.writeFileSync,TypeScript,fs.writeFileSync,File System Operations,4,5,File System Operations,File System Operations
TypeScript::fs/promises.access,TypeScript,fs/promises.access,File System Operations,8,5,File System Operations,File System Operations
TypeScript::fs/promises.appendFile,TypeScript,fs/promises.appendFile,File System Operations,2,2,File System Operations,File System Operations
TypeScript::fs/promises.readFile,TypeScript,fs/promises.readFile,File System Operations,22,15,File System Operations,File System Operations
TypeScript::fs/promises.readdir,TypeScript,fs/promises.readdir,File System Operations,2,2,File System Operations,File System Operations
TypeScript::fs/promises.unlink,TypeScript,fs/promises.unlink,File System Operations,1,1,File System Operations,File System Operations
TypeScript::fsp.readdir,TypeScript,fsp.readdir,File System Operations,6,2,File System Operations,File System Operations
TypeScript::gel.query,TypeScript,gel.query,Database Management,1,1,Database Management,Database Management
TypeScript::generateGreeting,TypeScript,generateGreeting,Database Management,1,1,Database Management,Database Management
TypeScript::generateText,TypeScript,generateText,AI and Machine Learning Services,1,1,AI and Machine Learning Services,AI and Machine Learning Services
TypeScript::get-windows,TypeScript,get-windows,System Command Execution,2,3,System Command Execution,System Command Execution
TypeScript::getCode,TypeScript,getCode,Financial and Blockchain Services,2,1,Financial and Blockchain Services,Financial and Blockchain Services
TypeScript::getConnectionPoolStatus,TypeScript,getConnectionPoolStatus,Database Management,1,1,Database Management,Database Management
TypeScript::getContainer,TypeScript,getContainer,System Command Execution,4,8,System Command Execution,System Command Execution
TypeScript::getDb,TypeScript,getDb,Database Management,1,2,Database Management,Database Management
TypeScript::getDocs,TypeScript,getDocs,AI and Machine Learning Services,3,2,Database Management,AI and Machine Learning Services
TypeScript::getExchangeRate,TypeScript,getExchangeRate,Financial and Blockchain Services,1,1,Financial and Blockchain Services,Financial and Blockchain Services
TypeScript::getGoIosPath,TypeScript,getGoIosPath,File System Operations,1,1,File System Operations,File System Operations
TypeScript::getNamespacedCustomObject,TypeScript,getNamespacedCustomObject,Cloud Infrastructure Management,1,1,Cloud Infrastructure Management,Cloud Infrastructure Management
TypeScript::getPublicUrl,TypeScript,getPublicUrl,Cloud Infrastructure Management,1,1,Cloud Infrastructure Management,Cloud Infrastructure Management
TypeScript::getQueryResults,TypeScript,getQueryResults,Database Management,2,1,Database Management,Database Management
TypeScript::getReceipt,TypeScript,getReceipt,Financial and Blockchain Services,5,4,Financial and Blockchain Services,Financial and Blockchain Services
TypeScript::getRules,TypeScript,getRules,Browser Automation and Web Interaction,1,1,Browser Automation and Web Interaction,Browser Automation and Web Interaction
TypeScript::getScreenEmulation,TypeScript,getScreenEmulation,System Command Execution,1,5,System Command Execution,System Command Execution
TypeScript::getSimulator,TypeScript,getSimulator,System Command Execution,1,1,System Command Execution,System Command Execution
TypeScript::getTranslationKeyDetails,TypeScript,getTranslationKeyDetails,Specialized Domain Data Services,1,1,Specialized Domain Data Services,Specialized Domain Data Services
TypeScript::github,TypeScript,github,Project Management Services,1,1,Specialized Domain Data Services,Project Management Services
TypeScript::globAsync,TypeScript,globAsync,File System Operations,2,2,File System Operations,File System Operations
TypeScript::google.calendar.events.insert,TypeScript,google.calendar.events.insert,Project Management Services,2,3,Project Management Services,Project Management Services
TypeScript::google.docs,TypeScript,google.docs,Project Management Services,5,1,Project Management Services,Project Management Services
TypeScript::google.drive,TypeScript,google.drive,Specialized Domain Data Services,4,8,Specialized Domain Data Services,Specialized Domain Data Services
TypeScript::google.drive.files.list,TypeScript,google.drive.files.list,Specialized Domain Data Services,2,1,Specialized Domain Data Services,Specialized Domain Data Services
TypeScript::googleSearch,TypeScript,googleSearch,Specialized Domain Data Services,1,1,Specialized Domain Data Services,Specialized Domain Data Services
TypeScript::googleapis.google,TypeScript,googleapis.google,Cloud Infrastructure Management,31,29,Cloud Infrastructure Management,Cloud Infrastructure Management
TypeScript::groq.chat.completions.create,TypeScript,groq.chat.completions.create,AI and Machine Learning Services,2,3,AI and Machine Learning Services,AI and Machine Learning Services
TypeScript::guardText,TypeScript,guardText,System Command Execution,1,1,System Command Execution,System Command Execution
TypeScript::handleDecisionMaking,TypeScript,handleDecisionMaking,System Command Execution,1,1,System Command Execution,System Command Execution
TypeScript::headers,TypeScript,headers,Browser Automation and Web Interaction,1,1,Browser Automation and Web Interaction,Browser Automation and Web Interaction
TypeScript::hedera-agent-kit.HederaAgentKit.execute,TypeScript,hedera-agent-kit.HederaAgentKit.execute,Financial and Blockchain Services,5,4,Financial and Blockchain Services,Financial and Blockchain Services
TypeScript::hedera-agent-kit.HederaAgentKit.getHtsBalance,TypeScript,hedera-agent-kit.HederaAgentKit.getHtsBalance,Financial and Blockchain Services,1,1,Financial and Blockchain Services,Financial and Blockchain Services
TypeScript::homedir,TypeScript,homedir,File System Operations,16,12,File System Operations,File System Operations
TypeScript::http.createServer.listen,TypeScript,http.createServer.listen,System Command Execution,1,1,System Command Execution,System Command Execution
TypeScript::httpClient.post,TypeScript,httpClient.post,Database Management,1,1,Database Management,Database Management
TypeScript::httpRequest,TypeScript,httpRequest,System Command Execution,1,1,System Command Execution,System Command Execution
TypeScript::https.request,TypeScript,https.request,Specialized Domain Data Services,23,28,Specialized Domain Data Services,Specialized Domain Data Services
TypeScript::https.write,TypeScript,https.write,File System Operations,17,11,File System Operations,File System Operations
TypeScript::import.meta.resolve,TypeScript,import.meta.resolve,System Command Execution,3,3,System Command Execution,System Command Execution
TypeScript::importRegex.exec,TypeScript,importRegex.exec,System Command Execution,1,3,System Command Execution,System Command Execution
TypeScript::initSqlJs,TypeScript,initSqlJs,Database Management,2,1,Database Management,Database Management
TypeScript::initiative,TypeScript,initiative,Project Management Services,2,3,Project Management Services,Project Management Services
TypeScript::initiative.update,TypeScript,initiative.update,Project Management Services,1,1,Project Management Services,Project Management Services
TypeScript::inspect,TypeScript,inspect,System Command Execution,12,4,System Command Execution,System Command Execution
TypeScript::internetdata.drop.trip.execute,TypeScript,internetdata.drop.trip.execute,System Command Execution,2,3,System Command Execution,System Command Execution
TypeScript::io.sockets.sockets.keys().next(),TypeScript,io.sockets.sockets.keys().next(),Specialized Domain Data Services,1,1,Financial and Blockchain Services,Specialized Domain Data Services
TypeScript::isConnectionActive,TypeScript,isConnectionActive,System Command Execution,1,1,System Command Execution,System Command Execution
TypeScript::isListeningOnPort,TypeScript,isListeningOnPort,File System Operations,1,1,File System Operations,File System Operations
TypeScript::isPgAvailable,TypeScript,isPgAvailable,Database Management,6,6,Database Management,Database Management
TypeScript::isPortAvailable,TypeScript,isPortAvailable,System Command Execution,10,9,System Command Execution,System Command Execution
TypeScript::isPortInUse,TypeScript,isPortInUse,System Command Execution,1,1,System Command Execution,System Command Execution
TypeScript::johnny-five.to,TypeScript,johnny-five.to,Browser Automation and Web Interaction,1,1,Browser Automation and Web Interaction,Browser Automation and Web Interaction
TypeScript::jsonwebtoken.sign,TypeScript,jsonwebtoken.sign,Specialized Domain Data Services,1,1,Specialized Domain Data Services,Specialized Domain Data Services
TypeScript::k8s.PatchStrategy.ServerSideApply,TypeScript,k8s.PatchStrategy.ServerSideApply,Cloud Infrastructure Management,2,1,Cloud Infrastructure Management,Cloud Infrastructure Management
TypeScript::k8s.list,TypeScript,k8s.list,Cloud Infrastructure Management,2,1,File System Operations,Cloud Infrastructure Management
TypeScript::k8s.patch,TypeScript,k8s.patch,Cloud Infrastructure Management,2,1,Cloud Infrastructure Management,Cloud Infrastructure Management
TypeScript::k8s.read,TypeScript,k8s.read,Cloud Infrastructure Management,2,1,Specialized Domain Data Services,Cloud Infrastructure Management
TypeScript::languages.add,TypeScript,languages.add,File System Operations,1,1,File System Operations,File System Operations
TypeScript::lighthouse,TypeScript,lighthouse,Specialized Domain Data Services,7,2,Specialized Domain Data Services,Specialized Domain Data Services
TypeScript::listClusters,TypeScript,listClusters,Cloud Infrastructure Management,2,1,Cloud Infrastructure Management,Cloud Infrastructure Management
TypeScript::locationRegex.exec,TypeScript,locationRegex.exec,System Command Execution,2,2,System Command Execution,System Command Execution
TypeScript::lstat,TypeScript,lstat,System Command Execution,2,1,System Command Execution,System Command Execution
TypeScript::makeApiClient,TypeScript,makeApiClient,Cloud Infrastructure Management,1,1,Cloud Infrastructure Management,Cloud Infrastructure Management
TypeScript::mariadb.Connection.query,TypeScript,mariadb.Connection.query,Database Management,1,1,Database Management,Database Management
TypeScript::mariadb.query,TypeScript,mariadb.query,Database Management,1,1,Database Management,Database Management
TypeScript::mcpNotificationSender,TypeScript,mcpNotificationSender,Specialized Domain Data Services,15,1,Specialized Domain Data Services,Specialized Domain Data Services
TypeScript::mcpTool.enable,TypeScript,mcpTool.enable,Specialized Domain Data Services,1,1,Specialized Domain Data Services,Specialized Domain Data Services
TypeScript::memoryUsage.external,TypeScript,memoryUsage.external,File System Operations,2,1,File System Operations,File System Operations
TypeScript::mkdirAsync,TypeScript,mkdirAsync,File System Operations,2,1,File System Operations,File System Operations
TypeScript::modify,TypeScript,modify,Project Management Services,1,2,Project Management Services,Project Management Services
TypeScript::mondayApi.request,TypeScript,mondayApi.request,Project Management Services,1,1,Project Management Services,Project Management Services
TypeScript::mongodb.MongoClient.connect,TypeScript,mongodb.MongoClient.connect,Database Management,1,3,Database Management,Database Management
TypeScript::mongodbConnection.aggregate,TypeScript,mongodbConnection.aggregate,Database Management,1,2,Database Management,Database Management
TypeScript::mongodbConnection.collection,TypeScript,mongodbConnection.collection,Database Management,1,2,Database Management,Database Management
TypeScript::mouseGetCursor,TypeScript,mouseGetCursor,System Command Execution,1,1,System Command Execution,System Command Execution
TypeScript::mysql.connection.release,TypeScript,mysql.connection.release,Database Management,1,1,Database Management,Database Management
TypeScript::mysql.createConnection,TypeScript,mysql.createConnection,Database Management,4,2,Database Management,Database Management
TypeScript::mysql.createPool,TypeScript,mysql.createPool,Database Management,3,1,Database Management,Database Management
TypeScript::mysql.execute,TypeScript,mysql.execute,Database Management,9,5,Database Management,Database Management
TypeScript::mysql.getConnection,TypeScript,mysql.getConnection,Database Management,3,1,Database Management,Database Management
TypeScript::mysql.pool.escapeId,TypeScript,mysql.pool.escapeId,Database Management,1,1,Database Management,Database Management
TypeScript::mysql.pool.query,TypeScript,mysql.pool.query,Database Management,3,2,Database Management,Database Management
TypeScript::mysql.query,TypeScript,mysql.query,Database Management,12,1,Database Management,Database Management
TypeScript::mysql2/promise.Connection.query,TypeScript,mysql2/promise.Connection.query,Database Management,1,2,Database Management,Database Management
TypeScript::mysql2/promise.execute,TypeScript,mysql2/promise.execute,Database Management,4,2,Database Management,Database Management
TypeScript::mysql2/promise.getConnection,TypeScript,mysql2/promise.getConnection,Database Management,2,2,Database Management,Database Management
TypeScript::nano.db.create,TypeScript,nano.db.create,Database Management,4,1,Database Management,Database Management
TypeScript::neovim.Neovim.eval,TypeScript,neovim.Neovim.eval,System Command Execution,3,3,System Command Execution,System Command Execution
TypeScript::neovim.eval,TypeScript,neovim.eval,System Command Execution,1,1,System Command Execution,System Command Execution
TypeScript::net.destroy,TypeScript,net.destroy,System Command Execution,1,1,System Command Execution,System Command Execution
TypeScript::node-autoit-koffi.controlGetHandle,TypeScript,node-autoit-koffi.controlGetHandle,System Command Execution,1,1,System Command Execution,System Command Execution
TypeScript::node-autoit-koffi.controlHide,TypeScript,node-autoit-koffi.controlHide,System Command Execution,1,1,System Command Execution,System Command Execution
TypeScript::node-autoit-koffi.init,TypeScript,node-autoit-koffi.init,System Command Execution,17,19,System Command Execution,System Command Execution
TypeScript::node-autoit-koffi.processWaitClose,TypeScript,node-autoit-koffi.processWaitClose,System Command Execution,1,1,System Command Execution,System Command Execution
TypeScript::node-autoit-koffi.send,TypeScript,node-autoit-koffi.send,System Command Execution,1,1,System Command Execution,System Command Execution
TypeScript::node-autoit-koffi.winMove,TypeScript,node-autoit-koffi.winMove,System Command Execution,1,1,System Command Execution,System Command Execution
TypeScript::node-fetch.fetch,TypeScript,node-fetch.fetch,Specialized Domain Data Services,20,36,Specialized Domain Data Services,Specialized Domain Data Services
TypeScript::node-fetch.text,TypeScript,node-fetch.text,Specialized Domain Data Services,3,2,Specialized Domain Data Services,Specialized Domain Data Services
TypeScript::node-nmap.getScanDataById,TypeScript,node-nmap.getScanDataById,System Command Execution,1,1,System Command Execution,System Command Execution
TypeScript::node-sqlite3-wasm.Database.run,TypeScript,node-sqlite3-wasm.Database.run,Database Management,1,1,Database Management,Database Management
TypeScript::node-sqlite3-wasm.run,TypeScript,node-sqlite3-wasm.run,Database Management,7,10,Database Management,Database Management
TypeScript::node:child_process.execSync,TypeScript,node:child_process.execSync,System Command Execution,6,7,System Command Execution,System Command Execution
TypeScript::node:fs.appendFileSync,TypeScript,node:fs.appendFileSync,File System Operations,5,5,File System Operations,File System Operations
TypeScript::node:fs.mkdirSync,TypeScript,node:fs.mkdirSync,File System Operations,2,1,File System Operations,File System Operations
TypeScript::node:fs.readFileSync,TypeScript,node:fs.readFileSync,File System Operations,5,13,File System Operations,File System Operations
TypeScript::node:fs/promises.appendFile,TypeScript,node:fs/promises.appendFile,File System Operations,2,1,File System Operations,File System Operations
TypeScript::node:fs/promises.readFile,TypeScript,node:fs/promises.readFile,File System Operations,27,27,File System Operations,File System Operations
TypeScript::node:fs/promises.realpath,TypeScript,node:fs/promises.realpath,File System Operations,17,13,File System Operations,File System Operations
TypeScript::node:fs/promises.rmdir,TypeScript,node:fs/promises.rmdir,File System Operations,2,2,File System Operations,File System Operations
TypeScript::node:fs/promises.stat,TypeScript,node:fs/promises.stat,File System Operations,1,1,File System Operations,File System Operations
TypeScript::node:fs/promises.writeFile,TypeScript,node:fs/promises.writeFile,File System Operations,20,17,File System Operations,File System Operations
TypeScript::node:os.kill,TypeScript,node:os.kill,System Command Execution,1,1,System Command Execution,System Command Execution
TypeScript::node:sqlite.DatabaseSync.all,TypeScript,node:sqlite.DatabaseSync.all,System Command Execution,2,4,Database Management,System Command Execution
TypeScript::node:sqlite.DatabaseSync.prepare,TypeScript,node:sqlite.DatabaseSync.prepare,System Command Execution,2,6,Database Management,System Command Execution
TypeScript::nodemailer.createTransport,TypeScript,nodemailer.createTransport,Specialized Domain Data Services,2,1,Specialized Domain Data Services,Specialized Domain Data Services
TypeScript::nodemailer.sendMail,TypeScript,nodemailer.sendMail,Specialized Domain Data Services,3,3,Specialized Domain Data Services,Specialized Domain Data Services
TypeScript::npm --version,TypeScript,npm --version,System Command Execution,1,1,System Command Execution,System Command Execution
TypeScript::npm cache clean --force,TypeScript,npm cache clean --force,System Command Execution,1,1,System Command Execution,System Command Execution
TypeScript::npm run build,TypeScript,npm run build,System Command Execution,1,1,System Command Execution,System Command Execution
TypeScript::npm-registry-fetch.json,TypeScript,npm-registry-fetch.json,System Command Execution,1,1,System Command Execution,System Command Execution
TypeScript::oauth2/token,TypeScript,oauth2/token,Identity and Access Management,1,1,Identity and Access Management,Identity and Access Management
TypeScript::obsidianClient.post,TypeScript,obsidianClient.post,Browser Automation and Web Interaction,2,2,Browser Automation and Web Interaction,Browser Automation and Web Interaction
TypeScript::odbc.Connection.query,TypeScript,odbc.Connection.query,Database Management,1,1,Database Management,Database Management
TypeScript::odbc.connect,TypeScript,odbc.connect,Database Management,3,1,Database Management,Database Management
TypeScript::open.open,TypeScript,open.open,System Command Execution,3,3,System Command Execution,System Command Execution
TypeScript::openai.OpenAI.images.generate,TypeScript,openai.OpenAI.images.generate,AI and Machine Learning Services,2,2,Specialized Domain Data Services,AI and Machine Learning Services
TypeScript::openai.audio.speech.create,TypeScript,openai.audio.speech.create,AI and Machine Learning Services,1,1,AI and Machine Learning Services,AI and Machine Learning Services
TypeScript::openai.chat.completions.create,TypeScript,openai.chat.completions.create,AI and Machine Learning Services,9,4,AI and Machine Learning Services,AI and Machine Learning Services
TypeScript::openai.embedding,TypeScript,openai.embedding,AI and Machine Learning Services,2,2,AI and Machine Learning Services,AI and Machine Learning Services
TypeScript::openai.embeddings.create,TypeScript,openai.embeddings.create,AI and Machine Learning Services,5,3,AI and Machine Learning Services,AI and Machine Learning Services
TypeScript::openai.responses.create,TypeScript,openai.responses.create,AI and Machine Learning Services,1,1,AI and Machine Learning Services,AI and Machine Learning Services
TypeScript::operation,TypeScript,operation,Specialized Domain Data Services,3,5,Specialized Domain Data Services,Specialized Domain Data Services
TypeScript::opossum.CircuitBreaker.fire,TypeScript,opossum.CircuitBreaker.fire,Cloud Infrastructure Management,3,4,Cloud Infrastructure Management,Cloud Infrastructure Management
TypeScript::originalTradovateRequest.call,TypeScript,originalTradovateRequest.call,Specialized Domain Data Services,1,1,Specialized Domain Data Services,Specialized Domain Data Services
TypeScript::os.arch,TypeScript,os.arch,System Command Execution,1,1,System Command Execution,System Command Execution
TypeScript::os.hostname,TypeScript,os.hostname,System Command Execution,17,22,System Command Execution,System Command Execution
TypeScript::os.platform(),TypeScript,os.platform(),System Command Execution,4,4,System Command Execution,System Command Execution
TypeScript::os.tmpdir(),TypeScript,os.tmpdir(),File System Operations,3,1,File System Operations,File System Operations
TypeScript::pack_remote_repository,TypeScript,pack_remote_repository,Project Management Services,1,1,Specialized Domain Data Services,Project Management Services
TypeScript::paddle.prices.create,TypeScript,paddle.prices.create,Financial and Blockchain Services,1,2,Financial and Blockchain Services,Financial and Blockchain Services
TypeScript::paddle.products.create,TypeScript,paddle.products.create,Financial and Blockchain Services,1,2,Financial and Blockchain Services,Financial and Blockchain Services
TypeScript::paddle.reports.create,TypeScript,paddle.reports.create,Financial and Blockchain Services,1,2,Financial and Blockchain Services,Financial and Blockchain Services
TypeScript::paddle.subscriptions.list,TypeScript,paddle.subscriptions.list,Financial and Blockchain Services,1,2,Financial and Blockchain Services,Financial and Blockchain Services
TypeScript::paddle.transactions.list,TypeScript,paddle.transactions.list,Financial and Blockchain Services,1,2,Financial and Blockchain Services,Financial and Blockchain Services
TypeScript::page.$,TypeScript,page.$,Browser Automation and Web Interaction,2,3,Browser Automation and Web Interaction,Browser Automation and Web Interaction
TypeScript::page.click,TypeScript,page.click,Browser Automation and Web Interaction,3,2,Browser Automation and Web Interaction,Browser Automation and Web Interaction
TypeScript::page.content(),TypeScript,page.content(),Browser Automation and Web Interaction,1,1,Browser Automation and Web Interaction,Browser Automation and Web Interaction
TypeScript::page.context,TypeScript,page.context,Browser Automation and Web Interaction,2,2,Browser Automation and Web Interaction,Browser Automation and Web Interaction
TypeScript::page.cookies,TypeScript,page.cookies,Browser Automation and Web Interaction,1,2,Browser Automation and Web Interaction,Browser Automation and Web Interaction
TypeScript::page.evaluate,TypeScript,page.evaluate,Browser Automation and Web Interaction,17,14,Browser Automation and Web Interaction,Browser Automation and Web Interaction
TypeScript::page.goto,TypeScript,page.goto,Browser Automation and Web Interaction,8,8,Browser Automation and Web Interaction,Browser Automation and Web Interaction
TypeScript::page.on,TypeScript,page.on,Browser Automation and Web Interaction,6,4,Browser Automation and Web Interaction,Browser Automation and Web Interaction
TypeScript::page.target,TypeScript,page.target,Browser Automation and Web Interaction,2,2,Browser Automation and Web Interaction,Browser Automation and Web Interaction
TypeScript::page.title,TypeScript,page.title,Browser Automation and Web Interaction,3,1,Browser Automation and Web Interaction,Browser Automation and Web Interaction
TypeScript::page.title(),TypeScript,page.title(),Browser Automation and Web Interaction,5,1,Browser Automation and Web Interaction,Browser Automation and Web Interaction
TypeScript::page.type,TypeScript,page.type,Database Management,1,2,Browser Automation and Web Interaction,Database Management
TypeScript::page.url(),TypeScript,page.url(),Browser Automation and Web Interaction,3,2,Browser Automation and Web Interaction,Browser Automation and Web Interaction
TypeScript::page.viewport,TypeScript,page.viewport,Browser Automation and Web Interaction,1,1,Browser Automation and Web Interaction,Browser Automation and Web Interaction
TypeScript::page.waitForLoadState,TypeScript,page.waitForLoadState,Browser Automation and Web Interaction,2,1,Browser Automation and Web Interaction,Browser Automation and Web Interaction
TypeScript::page.waitForSelector,TypeScript,page.waitForSelector,Browser Automation and Web Interaction,3,3,Browser Automation and Web Interaction,Browser Automation and Web Interaction
TypeScript::parser.parse,TypeScript,parser.parse,File System Operations,12,5,File System Operations,File System Operations
TypeScript::pg.Client.query,TypeScript,pg.Client.query,Database Management,3,2,Database Management,Database Management
TypeScript::pg.Client.release,TypeScript,pg.Client.release,Database Management,4,1,Database Management,Database Management
TypeScript::pg.Pool.connect,TypeScript,pg.Pool.connect,Database Management,16,9,Database Management,Database Management
TypeScript::pg.Pool.disconnect,TypeScript,pg.Pool.disconnect,Database Management,3,1,Database Management,Database Management
TypeScript::pg.Pool.end,TypeScript,pg.Pool.end,Database Management,11,7,Database Management,Database Management
TypeScript::pg.Pool.query,TypeScript,pg.Pool.query,Database Management,6,1,Database Management,Database Management
TypeScript::pg.PoolClient.query,TypeScript,pg.PoolClient.query,Database Management,3,2,Database Management,Database Management
TypeScript::pg.PoolClient.release,TypeScript,pg.PoolClient.release,Database Management,3,1,Database Management,Database Management
TypeScript::playwright.Browser.close,TypeScript,playwright.Browser.close,Browser Automation and Web Interaction,4,11,Browser Automation and Web Interaction,Browser Automation and Web Interaction
TypeScript::playwright.Browser.newContext,TypeScript,playwright.Browser.newContext,Browser Automation and Web Interaction,4,5,Browser Automation and Web Interaction,Browser Automation and Web Interaction
TypeScript::playwright.Browser.newPage,TypeScript,playwright.Browser.newPage,Browser Automation and Web Interaction,3,9,Browser Automation and Web Interaction,Browser Automation and Web Interaction
TypeScript::playwright.BrowserContext.addCookies,TypeScript,playwright.BrowserContext.addCookies,Browser Automation and Web Interaction,2,2,Browser Automation and Web Interaction,Browser Automation and Web Interaction
TypeScript::playwright.BrowserContext.close,TypeScript,playwright.BrowserContext.close,Browser Automation and Web Interaction,4,5,Browser Automation and Web Interaction,Browser Automation and Web Interaction
TypeScript::playwright.BrowserContext.newPage,TypeScript,playwright.BrowserContext.newPage,Browser Automation and Web Interaction,1,3,Specialized Domain Data Services,Browser Automation and Web Interaction
TypeScript::playwright.Page.$,TypeScript,playwright.Page.$,Browser Automation and Web Interaction,7,8,Browser Automation and Web Interaction,Browser Automation and Web Interaction
TypeScript::playwright.Page.$eval,TypeScript,playwright.Page.$eval,Browser Automation and Web Interaction,3,3,Browser Automation and Web Interaction,Browser Automation and Web Interaction
TypeScript::playwright.Page.addCookies,TypeScript,playwright.Page.addCookies,Browser Automation and Web Interaction,1,1,Browser Automation and Web Interaction,Browser Automation and Web Interaction
TypeScript::playwright.Page.context.addCookies,TypeScript,playwright.Page.context.addCookies,Browser Automation and Web Interaction,4,10,Browser Automation and Web Interaction,Browser Automation and Web Interaction
TypeScript::playwright.Page.goto,TypeScript,playwright.Page.goto,Browser Automation and Web Interaction,4,11,Browser Automation and Web Interaction,Browser Automation and Web Interaction
TypeScript::playwright.Page.keyboard.press,TypeScript,playwright.Page.keyboard.press,Browser Automation and Web Interaction,1,1,Browser Automation and Web Interaction,Browser Automation and Web Interaction
TypeScript::playwright.Page.url,TypeScript,playwright.Page.url,Browser Automation and Web Interaction,2,3,Browser Automation and Web Interaction,Browser Automation and Web Interaction
TypeScript::playwright.Page.waitForLoadState,TypeScript,playwright.Page.waitForLoadState,Browser Automation and Web Interaction,2,2,Browser Automation and Web Interaction,Browser Automation and Web Interaction
TypeScript::playwright.Page.waitForSelector,TypeScript,playwright.Page.waitForSelector,Browser Automation and Web Interaction,6,12,Browser Automation and Web Interaction,Browser Automation and Web Interaction
TypeScript::playwright.chromium.connectOverCDP,TypeScript,playwright.chromium.connectOverCDP,Browser Automation and Web Interaction,7,2,Browser Automation and Web Interaction,Browser Automation and Web Interaction
TypeScript::playwright.chromium.goto,TypeScript,playwright.chromium.goto,Browser Automation and Web Interaction,3,4,Browser Automation and Web Interaction,Browser Automation and Web Interaction
TypeScript::playwright.chromium.launch,TypeScript,playwright.chromium.launch,Browser Automation and Web Interaction,3,4,Browser Automation and Web Interaction,Browser Automation and Web Interaction
TypeScript::playwright.chromium.newContext,TypeScript,playwright.chromium.newContext,Browser Automation and Web Interaction,3,1,Browser Automation and Web Interaction,Browser Automation and Web Interaction
TypeScript::playwright.chromium.type,TypeScript,playwright.chromium.type,Browser Automation and Web Interaction,1,2,Browser Automation and Web Interaction,Browser Automation and Web Interaction
TypeScript::playwright.context.close,TypeScript,playwright.context.close,Browser Automation and Web Interaction,1,1,Browser Automation and Web Interaction,Browser Automation and Web Interaction
TypeScript::playwright.context.newPage,TypeScript,playwright.context.newPage,Browser Automation and Web Interaction,7,1,Browser Automation and Web Interaction,Browser Automation and Web Interaction
TypeScript::playwright.keyboard.press,TypeScript,playwright.keyboard.press,Browser Automation and Web Interaction,2,3,Browser Automation and Web Interaction,Browser Automation and Web Interaction
TypeScript::playwright.newContext,TypeScript,playwright.newContext,Browser Automation and Web Interaction,2,1,Browser Automation and Web Interaction,Browser Automation and Web Interaction
TypeScript::playwright.newPage,TypeScript,playwright.newPage,Browser Automation and Web Interaction,7,1,Browser Automation and Web Interaction,Browser Automation and Web Interaction
TypeScript::playwright.page.goto,TypeScript,playwright.page.goto,Browser Automation and Web Interaction,1,1,Browser Automation and Web Interaction,Browser Automation and Web Interaction
TypeScript::playwright.page.on,TypeScript,playwright.page.on,Browser Automation and Web Interaction,6,1,Browser Automation and Web Interaction,Browser Automation and Web Interaction
TypeScript::pocketbase.PocketBase.cancelRequest,TypeScript,pocketbase.PocketBase.cancelRequest,Database Management,3,3,Database Management,Database Management
TypeScript::pocketbase.PocketBase.collection,TypeScript,pocketbase.PocketBase.collection,Database Management,46,70,Database Management,Database Management
TypeScript::pocketbase.PocketBase.collection.create,TypeScript,pocketbase.PocketBase.collection.create,Database Management,7,18,Database Management,Database Management
TypeScript::pocketbase.PocketBase.collection.delete,TypeScript,pocketbase.PocketBase.collection.delete,Database Management,4,3,Database Management,Database Management
TypeScript::pocketbase.PocketBase.collection.getFullList,TypeScript,pocketbase.PocketBase.collection.getFullList,Database Management,3,3,Database Management,Database Management
TypeScript::pocketbase.PocketBase.collection.getList,TypeScript,pocketbase.PocketBase.collection.getList,Database Management,2,2,Database Management,Database Management
TypeScript::pocketbase.PocketBase.collection.update,TypeScript,pocketbase.PocketBase.collection.update,Database Management,9,10,Database Management,Database Management
TypeScript::pocketbase.PocketBase.create,TypeScript,pocketbase.PocketBase.create,Database Management,4,2,Database Management,Database Management
TypeScript::pocketbase.PocketBase.delete,TypeScript,pocketbase.PocketBase.delete,Database Management,3,1,Database Management,Database Management
TypeScript::pocketbase.PocketBase.filter,TypeScript,pocketbase.PocketBase.filter,Database Management,2,2,Database Management,Database Management
TypeScript::pocketbase.collection,TypeScript,pocketbase.collection,Database Management,8,7,Database Management,Database Management
TypeScript::pocketbase.collection.create,TypeScript,pocketbase.collection.create,Database Management,4,8,Database Management,Database Management
TypeScript::pocketbase.collection.getFirstListItem,TypeScript,pocketbase.collection.getFirstListItem,Database Management,5,5,Database Management,Database Management
TypeScript::pocketbase.collection.getList,TypeScript,pocketbase.collection.getList,Database Management,2,1,Database Management,Database Management
TypeScript::pocketbase.collections.create,TypeScript,pocketbase.collections.create,Database Management,1,1,Database Management,Database Management
TypeScript::portfolioRebalancingTool.executePortfolioRebalancing,TypeScript,portfolioRebalancingTool.executePortfolioRebalancing,Financial and Blockchain Services,1,1,Financial and Blockchain Services,Financial and Blockchain Services
TypeScript::posthog,TypeScript,posthog,Browser Automation and Web Interaction,2,1,Browser Automation and Web Interaction,Browser Automation and Web Interaction
TypeScript::press,TypeScript,press,Browser Automation and Web Interaction,1,2,Browser Automation and Web Interaction,Browser Automation and Web Interaction
TypeScript::process.on,TypeScript,process.on,System Command Execution,1,1,System Command Execution,System Command Execution
TypeScript::process.send,TypeScript,process.send,System Command Execution,20,22,Financial and Blockchain Services,System Command Execution
TypeScript::process.version,TypeScript,process.version,System Command Execution,16,22,System Command Execution,System Command Execution
TypeScript::projectStore.upsertProject,TypeScript,projectStore.upsertProject,Database Management,1,1,Database Management,Database Management
TypeScript::puppeteer.$$eval,TypeScript,puppeteer.$$eval,Browser Automation and Web Interaction,2,1,Browser Automation and Web Interaction,Browser Automation and Web Interaction
TypeScript::puppeteer.Browser.close,TypeScript,puppeteer.Browser.close,Browser Automation and Web Interaction,2,1,Browser Automation and Web Interaction,Browser Automation and Web Interaction
TypeScript::puppeteer.Browser.newPage,TypeScript,puppeteer.Browser.newPage,Browser Automation and Web Interaction,10,3,Browser Automation and Web Interaction,Browser Automation and Web Interaction
TypeScript::puppeteer.Browser.on,TypeScript,puppeteer.Browser.on,Browser Automation and Web Interaction,1,1,Specialized Domain Data Services,Browser Automation and Web Interaction
TypeScript::puppeteer.ElementHandle.type,TypeScript,puppeteer.ElementHandle.type,Browser Automation and Web Interaction,1,1,Browser Automation and Web Interaction,Browser Automation and Web Interaction
TypeScript::puppeteer.Page.$,TypeScript,puppeteer.Page.$,Browser Automation and Web Interaction,6,2,Browser Automation and Web Interaction,Browser Automation and Web Interaction
TypeScript::puppeteer.Page.click,TypeScript,puppeteer.Page.click,Browser Automation and Web Interaction,2,2,Browser Automation and Web Interaction,Browser Automation and Web Interaction
TypeScript::puppeteer.Page.close,TypeScript,puppeteer.Page.close,Browser Automation and Web Interaction,2,2,Browser Automation and Web Interaction,Browser Automation and Web Interaction
TypeScript::puppeteer.Page.goto,TypeScript,puppeteer.Page.goto,Browser Automation and Web Interaction,4,3,Browser Automation and Web Interaction,Browser Automation and Web Interaction
TypeScript::puppeteer.Page.on,TypeScript,puppeteer.Page.on,Browser Automation and Web Interaction,4,6,Browser Automation and Web Interaction,Browser Automation and Web Interaction
TypeScript::puppeteer.Page.screenshot,TypeScript,puppeteer.Page.screenshot,Browser Automation and Web Interaction,8,3,Browser Automation and Web Interaction,Browser Automation and Web Interaction
TypeScript::puppeteer.Page.setDownloadBehavior,TypeScript,puppeteer.Page.setDownloadBehavior,Browser Automation and Web Interaction,1,1,Browser Automation and Web Interaction,Browser Automation and Web Interaction
TypeScript::puppeteer.Page.setUserAgent,TypeScript,puppeteer.Page.setUserAgent,Browser Automation and Web Interaction,1,1,Browser Automation and Web Interaction,Browser Automation and Web Interaction
TypeScript::puppeteer.Page.setViewport,TypeScript,puppeteer.Page.setViewport,Browser Automation and Web Interaction,3,5,Browser Automation and Web Interaction,Browser Automation and Web Interaction
TypeScript::puppeteer.Page.url,TypeScript,puppeteer.Page.url,Browser Automation and Web Interaction,4,1,Browser Automation and Web Interaction,Browser Automation and Web Interaction
TypeScript::puppeteer.Page.waitForSelector,TypeScript,puppeteer.Page.waitForSelector,Browser Automation and Web Interaction,3,2,Browser Automation and Web Interaction,Browser Automation and Web Interaction
TypeScript::puppeteer.browser.close,TypeScript,puppeteer.browser.close,Browser Automation and Web Interaction,15,24,Browser Automation and Web Interaction,Browser Automation and Web Interaction
TypeScript::puppeteer.browser.newPage,TypeScript,puppeteer.browser.newPage,Browser Automation and Web Interaction,16,24,Browser Automation and Web Interaction,Browser Automation and Web Interaction
TypeScript::puppeteer.browser.pages,TypeScript,puppeteer.browser.pages,Browser Automation and Web Interaction,1,1,Browser Automation and Web Interaction,Browser Automation and Web Interaction
TypeScript::puppeteer.close,TypeScript,puppeteer.close,Browser Automation and Web Interaction,1,1,Browser Automation and Web Interaction,Browser Automation and Web Interaction
TypeScript::puppeteer.connect,TypeScript,puppeteer.connect,Browser Automation and Web Interaction,2,2,Browser Automation and Web Interaction,Browser Automation and Web Interaction
TypeScript::puppeteer.evaluate,TypeScript,puppeteer.evaluate,Browser Automation and Web Interaction,11,8,Browser Automation and Web Interaction,Browser Automation and Web Interaction
TypeScript::puppeteer.goto,TypeScript,puppeteer.goto,Browser Automation and Web Interaction,4,3,Browser Automation and Web Interaction,Browser Automation and Web Interaction
TypeScript::puppeteer.launch,TypeScript,puppeteer.launch,Browser Automation and Web Interaction,27,31,Browser Automation and Web Interaction,Browser Automation and Web Interaction
TypeScript::puppeteer.page.content,TypeScript,puppeteer.page.content,Browser Automation and Web Interaction,1,1,System Command Execution,Browser Automation and Web Interaction
TypeScript::puppeteer.page.evaluate,TypeScript,puppeteer.page.evaluate,Browser Automation and Web Interaction,8,5,Browser Automation and Web Interaction,Browser Automation and Web Interaction
TypeScript::puppeteer.page.goto,TypeScript,puppeteer.page.goto,Browser Automation and Web Interaction,9,16,Browser Automation and Web Interaction,Browser Automation and Web Interaction
TypeScript::puppeteer.page.waitForSelector,TypeScript,puppeteer.page.waitForSelector,Browser Automation and Web Interaction,1,1,Browser Automation and Web Interaction,Browser Automation and Web Interaction
TypeScript::puppeteer.waitForSelector,TypeScript,puppeteer.waitForSelector,Browser Automation and Web Interaction,3,1,Browser Automation and Web Interaction,Browser Automation and Web Interaction
TypeScript::queuePluginCheck,TypeScript,queuePluginCheck,Browser Automation and Web Interaction,3,4,Browser Automation and Web Interaction,Browser Automation and Web Interaction
TypeScript::rawRequest,TypeScript,rawRequest,Project Management Services,1,1,Project Management Services,Project Management Services
TypeScript::readFileAsync,TypeScript,readFileAsync,File System Operations,7,1,File System Operations,File System Operations
TypeScript::readJSON,TypeScript,readJSON,File System Operations,7,2,File System Operations,File System Operations
TypeScript::readNamespacedSecret,TypeScript,readNamespacedSecret,Identity and Access Management,2,1,Cloud Infrastructure Management,Identity and Access Management
TypeScript::readline.createInterface,TypeScript,readline.createInterface,System Command Execution,8,34,System Command Execution,System Command Execution
TypeScript::realpath,TypeScript,realpath,File System Operations,4,1,File System Operations,File System Operations
TypeScript::redaxios.post,TypeScript,redaxios.post,AI and Machine Learning Services,1,1,AI and Machine Learning Services,AI and Machine Learning Services
TypeScript::redis.RedisClient.set,TypeScript,redis.RedisClient.set,Database Management,2,1,Database Management,Database Management
TypeScript::redis.createClient,TypeScript,redis.createClient,Database Management,2,1,Database Management,Database Management
TypeScript::removeEntry,TypeScript,removeEntry,Specialized Domain Data Services,4,2,Financial and Blockchain Services,Specialized Domain Data Services
TypeScript::replicate.makeRequest,TypeScript,replicate.makeRequest,System Command Execution,1,1,System Command Execution,System Command Execution
TypeScript::replicate.run,TypeScript,replicate.run,AI and Machine Learning Services,1,1,AI and Machine Learning Services,AI and Machine Learning Services
TypeScript::repository.forkRepository,TypeScript,repository.forkRepository,Project Management Services,3,13,Project Management Services,Project Management Services
TypeScript::requireNutjs,TypeScript,requireNutjs,System Command Execution,1,2,System Command Execution,System Command Execution
TypeScript::reset,TypeScript,reset,System Command Execution,4,4,System Command Execution,System Command Execution
TypeScript::response.text,TypeScript,response.text,Specialized Domain Data Services,2,24,Specialized Domain Data Services,Specialized Domain Data Services
TypeScript::restart,TypeScript,restart,System Command Execution,1,1,System Command Execution,System Command Execution
TypeScript::rmSync,TypeScript,rmSync,File System Operations,4,3,File System Operations,File System Operations
TypeScript::route,TypeScript,route,Browser Automation and Web Interaction,1,2,Browser Automation and Web Interaction,Browser Automation and Web Interaction
TypeScript::run-applescript.runAppleScript,TypeScript,run-applescript.runAppleScript,System Command Execution,2,2,System Command Execution,System Command Execution
TypeScript::runClaudeCommand,TypeScript,runClaudeCommand,System Command Execution,7,5,System Command Execution,System Command Execution
TypeScript::runDartCommand,TypeScript,runDartCommand,System Command Execution,9,10,Specialized Domain Data Services,System Command Execution
TypeScript::runDockerCommand,TypeScript,runDockerCommand,System Command Execution,2,1,System Command Execution,System Command Execution
TypeScript::runGenericPowershellCommand,TypeScript,runGenericPowershellCommand,System Command Execution,4,60,System Command Execution,System Command Execution
TypeScript::runPrg,TypeScript,runPrg,System Command Execution,3,2,System Command Execution,System Command Execution
TypeScript::runtime.GetContainersProcessTreesSchema.parse,TypeScript,runtime.GetContainersProcessTreesSchema.parse,System Command Execution,1,1,System Command Execution,System Command Execution
TypeScript::saveEntry,TypeScript,saveEntry,File System Operations,4,4,Financial and Blockchain Services,File System Operations
TypeScript::scope,TypeScript,scope,Database Management,1,2,Database Management,Database Management
TypeScript::screenInfo.getWindows,TypeScript,screenInfo.getWindows,System Command Execution,1,1,System Command Execution,System Command Execution
TypeScript::sdk.server.mcp.sendCommandToPlugin,TypeScript,sdk.server.mcp.sendCommandToPlugin,System Command Execution,1,1,System Command Execution,System Command Execution
TypeScript::searchBoardsAsync,TypeScript,searchBoardsAsync,Project Management Services,1,1,Project Management Services,Project Management Services
TypeScript::selectBundle,TypeScript,selectBundle,Browser Automation and Web Interaction,1,4,Browser Automation and Web Interaction,Browser Automation and Web Interaction
TypeScript::sendCommandToPlugin,TypeScript,sendCommandToPlugin,Specialized Domain Data Services,5,6,Specialized Domain Data Services,Specialized Domain Data Services
TypeScript::sendRpcRequest,TypeScript,sendRpcRequest,Specialized Domain Data Services,6,1,Specialized Domain Data Services,Specialized Domain Data Services
TypeScript::server.api.get,TypeScript,server.api.get,Specialized Domain Data Services,2,1,Specialized Domain Data Services,Specialized Domain Data Services
TypeScript::server.api.post,TypeScript,server.api.post,Specialized Domain Data Services,2,1,Specialized Domain Data Services,Specialized Domain Data Services
TypeScript::server.server.sendLoggingMessage,TypeScript,server.server.sendLoggingMessage,System Command Execution,2,3,System Command Execution,System Command Execution
TypeScript::setBypassCSP,TypeScript,setBypassCSP,Browser Automation and Web Interaction,1,1,Browser Automation and Web Interaction,Browser Automation and Web Interaction
TypeScript::setContent,TypeScript,setContent,Browser Automation and Web Interaction,5,7,Browser Automation and Web Interaction,Browser Automation and Web Interaction
TypeScript::setCookie,TypeScript,setCookie,Browser Automation and Web Interaction,1,1,Browser Automation and Web Interaction,Browser Automation and Web Interaction
TypeScript::setExtraHTTPHeaders,TypeScript,setExtraHTTPHeaders,Browser Automation and Web Interaction,2,2,Browser Automation and Web Interaction,Browser Automation and Web Interaction
TypeScript::setJavaScriptEnabled,TypeScript,setJavaScriptEnabled,Browser Automation and Web Interaction,1,1,Browser Automation and Web Interaction,Browser Automation and Web Interaction
TypeScript::setOperator,TypeScript,setOperator,Financial and Blockchain Services,5,4,Financial and Blockchain Services,Financial and Blockchain Services
TypeScript::setRequestInterception,TypeScript,setRequestInterception,Browser Automation and Web Interaction,6,12,Browser Automation and Web Interaction,Browser Automation and Web Interaction
TypeScript::setStderr,TypeScript,setStderr,Specialized Domain Data Services,1,1,Specialized Domain Data Services,Specialized Domain Data Services
TypeScript::setStdout,TypeScript,setStdout,Specialized Domain Data Services,1,1,Specialized Domain Data Services,Specialized Domain Data Services
TypeScript::sharp.sharp,TypeScript,sharp.sharp,File System Operations,8,2,File System Operations,File System Operations
TypeScript::simple-git.clone,TypeScript,simple-git.clone,System Command Execution,1,1,File System Operations,System Command Execution
TypeScript::simple-git.simpleGit,TypeScript,simple-git.simpleGit,System Command Execution,4,4,System Command Execution,System Command Execution
TypeScript::simpleGit,TypeScript,simpleGit,System Command Execution,2,1,System Command Execution,System Command Execution
TypeScript::simpleGit.status,TypeScript,simpleGit.status,System Command Execution,1,2,System Command Execution,System Command Execution
TypeScript::sock.sendMessage,TypeScript,sock.sendMessage,Database Management,1,1,Database Management,Database Management
TypeScript::spawnCommand,TypeScript,spawnCommand,System Command Execution,19,21,System Command Execution,System Command Execution
TypeScript::spawnSync,TypeScript,spawnSync,System Command Execution,1,1,System Command Execution,System Command Execution
TypeScript::sqlite.Database.run,TypeScript,sqlite.Database.run,Database Management,1,1,Database Management,Database Management
TypeScript::sqlite3.Database.get,TypeScript,sqlite3.Database.get,Database Management,4,1,Database Management,Database Management
TypeScript::sqlite3.run,TypeScript,sqlite3.run,Database Management,5,1,Database Management,Database Management
TypeScript::sshTools.executeCommand,TypeScript,sshTools.executeCommand,System Command Execution,1,1,System Command Execution,System Command Execution
TypeScript::start,TypeScript,start,System Command Execution,2,4,System Command Execution,System Command Execution
TypeScript::stat.isDirectory,TypeScript,stat.isDirectory,File System Operations,24,6,System Command Execution,File System Operations
TypeScript::stdin.write,TypeScript,stdin.write,System Command Execution,1,1,System Command Execution,System Command Execution
TypeScript::storageState,TypeScript,storageState,File System Operations,1,1,File System Operations,File System Operations
TypeScript::store.upload,TypeScript,store.upload,Cloud Infrastructure Management,1,1,Cloud Infrastructure Management,Cloud Infrastructure Management
TypeScript::streamFiles,TypeScript,streamFiles,System Command Execution,1,1,System Command Execution,System Command Execution
TypeScript::stripe.customers.create,TypeScript,stripe.customers.create,Financial and Blockchain Services,2,2,Payment Processing,Financial and Blockchain Services
TypeScript::structurizrPage.url,TypeScript,structurizrPage.url,Specialized Domain Data Services,1,1,Specialized Domain Data Services,Specialized Domain Data Services
TypeScript::subscriptions.delete,TypeScript,subscriptions.delete,Cloud Infrastructure Management,1,1,Cloud Infrastructure Management,Cloud Infrastructure Management
TypeScript::supabase_client.from,TypeScript,supabase_client.from,Database Management,1,1,Database Management,Database Management
TypeScript::supabase_client.from.select,TypeScript,supabase_client.from.select,Database Management,1,1,Database Management,Database Management
TypeScript::supabase_client.from.upsert,TypeScript,supabase_client.from.upsert,Database Management,1,1,Database Management,Database Management
TypeScript::this.adb,TypeScript,this.adb,System Command Execution,1,1,System Command Execution,System Command Execution
TypeScript::this.driver.executeScript,TypeScript,this.driver.executeScript,System Command Execution,4,3,System Command Execution,System Command Execution
TypeScript::this.executeCommand,TypeScript,this.executeCommand,System Command Execution,6,5,System Command Execution,System Command Execution
TypeScript::this.generateApplications,TypeScript,this.generateApplications,Cloud Infrastructure Management,1,1,Cloud Infrastructure Management,Cloud Infrastructure Management
TypeScript::this.mcpClient.callTool,TypeScript,this.mcpClient.callTool,Browser Automation and Web Interaction,2,2,Browser Automation and Web Interaction,Browser Automation and Web Interaction
TypeScript::this.mcpToolsManager.systemControl.handleAction,TypeScript,this.mcpToolsManager.systemControl.handleAction,System Command Execution,1,1,System Command Execution,System Command Execution
TypeScript::this.mondayApi.request,TypeScript,this.mondayApi.request,Project Management Services,1,1,Specialized Domain Data Services,Project Management Services
TypeScript::this.recorder,TypeScript,this.recorder,File System Operations,50,39,File System Operations,File System Operations
TypeScript::this.requests.get,TypeScript,this.requests.get,Specialized Domain Data Services,5,9,Specialized Domain Data Services,Specialized Domain Data Services
TypeScript::this.simctl,TypeScript,this.simctl,System Command Execution,1,1,System Command Execution,System Command Execution
TypeScript::this.validateToken,TypeScript,this.validateToken,System Command Execution,1,1,System Command Execution,System Command Execution
TypeScript::toolInfo.tool.enable,TypeScript,toolInfo.tool.enable,File System Operations,1,1,File System Operations,File System Operations
TypeScript::trends.get,TypeScript,trends.get,File System Operations,1,1,File System Operations,File System Operations
TypeScript::trends.has,TypeScript,trends.has,File System Operations,1,1,File System Operations,File System Operations
TypeScript::typeset,TypeScript,typeset,File System Operations,1,1,File System Operations,File System Operations
TypeScript::undici.request,TypeScript,undici.request,AI and Machine Learning Services,8,17,AI and Machine Learning Services,AI and Machine Learning Services
TypeScript::unparse,TypeScript,unparse,System Command Execution,3,4,System Command Execution,System Command Execution
TypeScript::updateCollection,TypeScript,updateCollection,Database Management,3,2,Database Management,Database Management
TypeScript::updateTranslationsBulk,TypeScript,updateTranslationsBulk,Specialized Domain Data Services,1,1,Specialized Domain Data Services,Specialized Domain Data Services
TypeScript::util.promisify,TypeScript,util.promisify,System Command Execution,1,2,System Command Execution,System Command Execution
TypeScript::vectorStore.clear,TypeScript,vectorStore.clear,Database Management,1,1,Database Management,Database Management
TypeScript::vectorStore.getStats,TypeScript,vectorStore.getStats,Database Management,1,1,Database Management,Database Management
TypeScript::vectorStore.search,TypeScript,vectorStore.search,Database Management,1,1,Database Management,Database Management
TypeScript::vectorStore.storeDocumentationVectors,TypeScript,vectorStore.storeDocumentationVectors,Specialized Domain Data Services,2,1,Specialized Domain Data Services,Specialized Domain Data Services
TypeScript::versionRangePattern.exec,TypeScript,versionRangePattern.exec,System Command Execution,2,2,System Command Execution,System Command Execution
TypeScript::viem,TypeScript,viem,Financial and Blockchain Services,2,2,Financial and Blockchain Services,Financial and Blockchain Services
TypeScript::viem.createPublicClient,TypeScript,viem.createPublicClient,Financial and Blockchain Services,18,2,Financial and Blockchain Services,Financial and Blockchain Services
TypeScript::viem.createWalletClient,TypeScript,viem.createWalletClient,Financial and Blockchain Services,7,3,Financial and Blockchain Services,Financial and Blockchain Services
TypeScript::viem.getChainConfig,TypeScript,viem.getChainConfig,Financial and Blockchain Services,3,2,Financial and Blockchain Services,Financial and Blockchain Services
TypeScript::viem.http,TypeScript,viem.http,Financial and Blockchain Services,5,3,Financial and Blockchain Services,Financial and Blockchain Services
TypeScript::viem.parseEther,TypeScript,viem.parseEther,Financial and Blockchain Services,1,1,Financial and Blockchain Services,Financial and Blockchain Services
TypeScript::viem.writeContract,TypeScript,viem.writeContract,Financial and Blockchain Services,2,1,Financial and Blockchain Services,Financial and Blockchain Services
TypeScript::viem/accounts.privateKeyToAccount,TypeScript,viem/accounts.privateKeyToAccount,Identity and Access Management,21,2,Financial and Blockchain Services,Identity and Access Management
TypeScript::visualmode,TypeScript,visualmode,System Command Execution,1,1,System Command Execution,System Command Execution
TypeScript::vortex,TypeScript,vortex,Project Management Services,1,1,Project Management Services,Project Management Services
TypeScript::wallet-manager.getAddress,TypeScript,wallet-manager.getAddress,Financial and Blockchain Services,2,1,Financial and Blockchain Services,Financial and Blockchain Services
TypeScript::wallet-manager.isWalletConnected,TypeScript,wallet-manager.isWalletConnected,Financial and Blockchain Services,2,1,Financial and Blockchain Services,Financial and Blockchain Services
TypeScript::watch,TypeScript,watch,File System Operations,4,5,File System Operations,File System Operations
TypeScript::web_search,TypeScript,web_search,File System Operations,10,4,File System Operations,File System Operations
TypeScript::webaudio-node.AudioContext.connect,TypeScript,webaudio-node.AudioContext.connect,Financial and Blockchain Services,1,1,Financial and Blockchain Services,Financial and Blockchain Services
TypeScript::webdriverio.remote.deleteSession,TypeScript,webdriverio.remote.deleteSession,Cloud Infrastructure Management,1,1,Cloud Infrastructure Management,Cloud Infrastructure Management
TypeScript::webview.optionsToArgv,TypeScript,webview.optionsToArgv,System Command Execution,1,1,System Command Execution,System Command Execution
TypeScript::winGetHandle,TypeScript,winGetHandle,System Command Execution,1,1,System Command Execution,System Command Execution
TypeScript::winGetPos,TypeScript,winGetPos,System Command Execution,1,1,System Command Execution,System Command Execution
TypeScript::winGetText,TypeScript,winGetText,System Command Execution,1,1,System Command Execution,System Command Execution
TypeScript::winWait,TypeScript,winWait,System Command Execution,1,1,System Command Execution,System Command Execution
TypeScript::winWaitActive,TypeScript,winWaitActive,System Command Execution,1,1,System Command Execution,System Command Execution
TypeScript::workspace.copyToOriginal.get,TypeScript,workspace.copyToOriginal.get,System Command Execution,19,21,System Command Execution,System Command Execution
TypeScript::writeFileAsync,TypeScript,writeFileAsync,File System Operations,7,1,File System Operations,File System Operations
TypeScript::writeJson,TypeScript,writeJson,File System Operations,1,4,File System Operations,File System Operations
TypeScript::writeToFile,TypeScript,writeToFile,File System Operations,14,7,File System Operations,File System Operations
TypeScript::ws.send,TypeScript,ws.send,Specialized Domain Data Services,10,16,Network Access,Specialized Domain Data Services
TypeScript::yaml.load,TypeScript,yaml.load,System Command Execution,3,3,System Command Execution,System Command Execution
